,Rank,Company Name,Number of Employees,Change in Rank,Revenues ($millions),Revenue Change,Profits ($millions),Profit Change,Assets ($millions),Market Value As of 3/31/20 ($m),Sector,Industry,City,State,Latitude,Longitude
0,1,Walmart,"2,200,000",-,"$523,964 ",1.90%,"$14,881.00 ",123.10%,"$236,495 ","$321,803 ",Retailing,General Merchandisers,Bentonville,AR,36.372853799999994,-94.2088172
1,2,Amazon.com,"798,000",3,"$280,522 ",20.50%,"$11,588.00 ",15.00%,"$225,248 ","$970,680 ",Retailing,Internet Services and Retailing,Seattle,WA,47.6062095,-122.33207079999998
2,3,Exxon Mobil,"74,900",-1,"$264,938 ",-8.70%,"$14,340.00 ",-31.20%,"$362,597 ","$160,696 ",Energy,Petroleum Refining,Irving,TX,32.814017699999994,-96.9488945
3,4,Apple,"137,000",-1,"$260,174 ",-2.00%,"$55,256.00 ",-7.20%,"$338,516 ","$1,112,641 ",Technology,"Computers, Office Equipment",Cupertino,CA,37.322997799999996,-122.03218229999999
4,5,CVS Health,"290,000",3,"$256,776 ",32.00%,"$6,634.00 ",-,"$222,449 ","$77,376 ",Health Care,Health Care: Pharmacy and Other Services,Woonsocket,RI,42.0028761,-71.5147839
5,6,Berkshire Hathaway,"391,500",-2,"$254,616 ",2.70%,"$81,417.00 ",1924.80%,"$817,729 ","$442,897 ",Financials,Insurance: Property and Casualty (Stock),Omaha,NE,41.2565369,-95.93450340000001
6,7,UnitedHealth Group,"325,000",-1,"$242,155 ",7.00%,"$13,839.00 ",15.50%,"$173,889 ","$236,555 ",Health Care,Health Care: Insurance and Managed Care,Minnetonka,MN,44.9211836,-93.46874890000001
7,8,McKesson,"70,000",-1,"$214,319 ",2.90%,$34.00 ,-49.30%,"$59,672 ","$21,845 ",Wholesalers,Wholesalers: Health Care,SF,CA,37.7749295,-122.4194155
8,9,AT&T,"247,800",-,"$181,193 ",6.10%,"$13,903.00 ",-28.20%,"$551,669 ","$209,388 ",Telecommunications,Telecommunications,Dallas,TX,32.7766642,-96.7969879
9,10,AmerisourceBergen,"21,500",-,"$179,589 ",6.90%,$855.40 ,-48.40%,"$39,172 ","$18,221 ",Wholesalers,Wholesalers: Health Care,Chesterbrook,PA,40.0756627,-75.4590816
10,11,Alphabet,"118,899",4,"$161,857 ",18.30%,"$34,343.00 ",11.70%,"$275,909 ","$798,905 ",Technology,Internet Services and Retailing,Mountain View,CA,37.3860517,-122.08385109999999
11,12,Ford Motor,"190,000",-,"$155,900 ",-2.80%,$47.00 ,-98.70%,"$258,537 ","$19,151 ",Motor Vehicles &  Parts,Motor Vehicles and Parts,Dearborn,MI,42.3222599,-83.1763145
12,13,Cigna,"73,700",52,"$153,566 ",215.70%,"$5,104.00 ",93.60%,"$155,774 ","$65,897 ",Health Care,Health Care: Insurance and Managed Care,Bloomfield,CT,41.826488,-72.73009449999999
13,14,Costco Wholesale,"201,500",-,"$152,703 ",7.90%,"$3,659.00 ",16.80%,"$45,400 ","$125,908 ",,,,,,
14,15,Chevron,"48,200",-4,"$146,516 ",-11.90%,"$2,924.00 ",-80.30%,"$237,428 ","$136,176 ",Energy,Petroleum Refining,San Ramon,CA,37.7799273,-121.9780153
15,16,Cardinal Health,"49,500",-,"$145,534 ",6.40%,"$1,363.00 ",432.40%,"$40,963 ","$13,988 ",Wholesalers,Wholesalers: Health Care,Dublin,OH,40.0992294,-83.11407709999999
16,17,JPMorgan Chase,"256,981",1,"$142,422 ",8.40%,"$36,431.00 ",12.20%,"$2,687,379 ","$276,750 ",Financials,Commercial Banks,New York,NY,40.7127753,-74.0059728
17,18,General Motors,"164,000",-5,"$137,237 ",-6.70%,"$6,732.00 ",-16.00%,"$228,037 ","$29,695 ",Motor Vehicles &  Parts,Motor Vehicles and Parts,Detroit,MI,42.331427000000005,-83.0457538
18,19,Walgreens Boots Alliance,"287,000",-2,"$136,866 ",4.10%,"$3,982.00 ",-20.70%,"$67,598 ","$40,528 ",Food &  Drug Stores,Food and Drug Stores,Deerfield,IL,42.171136499999996,-87.8445119
19,20,Verizon Communications,"135,000",-1,"$131,868 ",0.80%,"$19,265.00 ",24.10%,"$291,727 ","$222,220 ",,,,,,
20,21,Microsoft,"144,000",5,"$125,843 ",14.00%,"$39,240.00 ",136.80%,"$286,556 ","$1,199,550 ",Technology,Computer Software,Redmond,WA,47.6739881,-122.12151200000001
21,22,Marathon Petroleum,"60,910",9,"$124,813 ",28.50%,"$2,637.00 ",-5.10%,"$98,556 ","$15,353 ",Energy,Petroleum Refining,Findlay,OH,41.04422,-83.6499321
22,23,Kroger,"435,000",-3,"$122,286 ",0.90%,"$1,659.00 ",-46.70%,"$45,256 ","$24,114 ",Food &  Drug Stores,Food and Drug Stores,Cincinnati,OH,39.103118200000004,-84.5120196
23,24,Fannie Mae,"7,500",-2,"$120,304 ",0.20%,"$14,160.00 ",-11.30%,"$3,503,319 ","$1,841 ",Financials,Diversified Financials,Leavenworth,WA,47.751074100000004,-120.7401385
24,25,Bank of America,"208,131",-,"$113,589 ",2.70%,"$27,430.00 ",-2.50%,"$2,434,079 ","$185,227 ",,,,,,
25,26,Home Depot,"415,700",1,"$110,225 ",1.90%,"$11,242.00 ",1.10%,"$51,236 ","$200,665 ",Retailing,Specialty Retailers: Other,Atlanta,GA,33.7489954,-84.3879824
26,27,Phillips 66,"14,500",-4,"$109,559 ",-4.10%,"$3,076.00 ",-45.00%,"$58,720 ","$23,490 ",Energy,Petroleum Refining,Houston,TX,29.7604267,-95.36980279999999
27,28,Comcast,"190,000",4,"$108,942 ",15.30%,"$13,057.00 ",11.30%,"$263,414 ","$156,533 ",Telecommunications,Telecommunications,Philadelphia,PA,39.9525839,-75.1652215
28,29,Anthem,"70,600",4,"$104,213 ",13.10%,"$4,807.00 ",28.20%,"$77,453 ","$57,245 ",Health Care,Health Care: Insurance and Managed Care,Indianapolis,IN,39.768403,-86.158068
29,30,Wells Fargo,"259,800",-1,"$103,915 ",2.80%,"$19,549.00 ",-12.70%,"$1,927,555 ","$117,366 ",Financials,Commercial Banks,SF,CA,37.7749295,-122.4194155
30,31,Citigroup,"200,000",-1,"$103,449 ",6.50%,"$19,401.00 ",7.50%,"$1,951,158 ","$88,377 ",Financials,Commercial Banks,New York,NY,40.7127753,-74.0059728
31,32,Valero Energy,"10,222",-8,"$102,729 ",-7.80%,"$2,422.00 ",-22.40%,"$53,864 ","$18,532 ",Energy,Petroleum Refining,San Antonio,TX,29.4241219,-98.4936282
32,33,General Electric,"205,000",-12,"$95,214 ",-20.80%,"($4,979.00)",-,"$266,048 ","$69,406 ",Industrials,Industrial Machinery,Boston,MA,42.360082500000004,-71.0588801
33,34,Dell Technologies,"165,000",-,"$92,154 ",1.70%,"$4,616.00 ",-,"$118,861 ","$29,246 ",Technology,"Computers, Office Equipment",Round Rock,TX,30.508255100000003,-97.678896
34,35,Johnson & Johnson,"132,200",2,"$82,059 ",0.60%,"$15,119.00 ",-1.20%,"$157,728 ","$345,705 ",Health Care,Pharmaceuticals,New Brunswick,NJ,40.4862157,-74.4518188
35,36,State Farm Insurance,"57,672",-,"$79,395 ",-2.90%,"$5,592.70 ",-36.40%,"$294,823 ",-,,,,,,
36,37,Target,"368,000",2,"$78,112 ",3.70%,"$3,281.00 ",11.70%,"$42,779 ","$46,574 ",Retailing,General Merchandisers,Minneapolis,MN,44.977753,-93.2650108
37,38,IBM,"383,800",-,"$77,147 ",-3.10%,"$9,431.00 ",8.10%,"$152,186 ","$98,551 ",Technology,Information Technology Services,Armonk,NY,41.1264849,-73.71401949999999
38,39,Raytheon Technologies,"243,200",7,"$77,046 ",15.90%,"$5,537.00 ",5.10%,"$139,716 ","$81,705 ",,,,,,
39,40,Boeing,"161,100",-12,"$76,559 ",-24.30%,($636.00),-106.10%,"$133,625 ","$84,149 ",Aerospace &  Defense,Aerospace and Defense,Chicago,IL,41.8781136,-87.62979820000001
40,41,Freddie Mac,"6,892",-1,"$75,125 ",2.10%,"$7,214.00 ",-21.90%,"$2,203,623 ",$909 ,Financials,Diversified Financials,McLean,VA,38.933867600000006,-77.17726040000001
41,42,Centene,"56,600",9,"$74,639 ",24.20%,"$1,321.00 ",46.80%,"$40,994 ","$34,862 ",Health Care,Health Care: Insurance and Managed Care,St. Louis,MO,38.6270025,-90.1994042
42,43,United Parcel Service,"377,640",-2,"$74,094 ",3.10%,"$4,440.00 ",-7.30%,"$57,857 ","$80,196 ",,,,,,
43,44,Lowe's,"260,000",-2,"$72,148 ",1.20%,"$4,281.00 ",85.00%,"$39,471 ","$64,963 ",,,,,,
44,45,Intel,"110,800",-2,"$71,965 ",1.60%,"$21,048.00 ",-,"$136,524 ","$231,662 ",Technology,Semiconductors and Other Electronic Components,Santa Clara,CA,37.354107899999995,-121.9552356
45,46,Facebook,"44,942",11,"$70,697 ",26.60%,"$18,485.00 ",-16.40%,"$133,376 ","$475,455 ",Technology,Internet Services and Retailing,Menlo Park,CA,37.4529598,-122.1817252
46,47,FedEx,"389,500",-,"$69,693 ",6.50%,$540.00 ,-88.20%,"$54,403 ","$31,679 ",Transportation,"Mail, Package, and Freight Delivery",Memphis,TN,35.1495343,-90.0489801
47,48,MetLife,"49,000",-4,"$69,620 ",2.50%,"$5,899.00 ",15.10%,"$740,463 ","$27,997 ",Financials,"Insurance: Life, Health (stock)",New York,NY,40.7127753,-74.0059728
48,49,Walt Disney,"223,000",4,"$69,570 ",17.10%,"$11,054.00 ",-12.30%,"$193,984 ","$174,405 ",,,,,,
49,50,Procter & Gamble,"97,000",-5,"$67,684 ",1.30%,"$3,897.00 ",-60.00%,"$115,095 ","$271,640 ",Household Products,Household and Personal Products,Cincinnati,OH,39.103118200000004,-84.5120196
50,51,PepsiCo,"267,000",-3,"$67,161 ",3.90%,"$7,314.00 ",-41.60%,"$78,547 ","$166,848 ","Food, Beverages &  Tobacco",Food Consumer Products,Harrison,NY,41.0400135,-73.71444770000001
51,52,Humana,"46,000",4,"$64,888 ",14.00%,"$2,707.00 ",60.80%,"$29,074 ","$41,490 ",Health Care,Health Care: Insurance and Managed Care,Louisville,KY,38.252664700000004,-85.7584557
52,53,Prudential Financial,"51,511",-3,"$64,807 ",2.90%,"$4,186.00 ",2.70%,"$896,552 ","$20,650 ",Financials,"Insurance: Life, Health (stock)",Newark,NJ,40.735657,-74.1723667
53,54,Archer Daniels Midland,"38,100",-5,"$64,656 ",0.50%,"$1,379.00 ",-23.80%,"$43,997 ","$19,603 ","Food, Beverages &  Tobacco",Food Production,Chicago,IL,41.8781136,-87.62979820000001
54,55,Albertsons,"267,000",-3,"$60,535 ",1.00%,$131.10 ,183.20%,"$20,777 ",-,,,,,,
55,56,Sysco,"69,000",-2,"$60,114 ",2.40%,"$1,674.30 ",17.00%,"$17,967 ","$23,203 ",Wholesalers,Wholesalers: Food and Grocery,Houston,TX,29.7604267,-95.36980279999999
56,57,Lockheed Martin,"110,000",3,"$59,812 ",11.30%,"$6,230.00 ",23.50%,"$47,528 ","$95,539 ",Aerospace &  Defense,Aerospace and Defense,Bethesda,MD,38.984652000000004,-77.09470920000001
57,58,HP,"56,000",-3,"$58,756 ",0.50%,"$3,152.00 ",-40.80%,"$33,467 ","$24,821 ",Technology,"Computers, Office Equipment",Palo Alto,CA,37.441883399999995,-122.14301950000001
58,59,Energy Transfer,"12,812",-,"$54,213 ",-0.40%,"$3,592.00 ",112.00%,"$98,880 ","$12,374 ",,,,,,
59,60,Goldman Sachs Group,"38,300",2,"$53,922 ",2.70%,"$8,466.00 ",-19.10%,"$992,968 ","$55,417 ",Financials,Commercial Banks,New York,NY,40.7127753,-74.0059728
60,61,Morgan Stanley,"60,431",2,"$53,823 ",7.20%,"$9,042.00 ",3.40%,"$895,429 ","$52,102 ",Financials,Commercial Banks,New York,NY,40.7127753,-74.0059728
61,62,Caterpillar,"102,300",-4,"$53,800 ",-1.70%,"$6,093.00 ",-0.90%,"$78,453 ","$63,832 ",Industrials,Construction and Farm Machinery,Deerfield,IL,42.171136499999996,-87.8445119
62,63,Cisco Systems,"75,900",1,"$51,904 ",5.20%,"$11,621.00 ",10464.50%,"$97,793 ","$166,709 ",Technology,Network and Other Communications Equipment,San Jose,CA,37.338208200000004,-121.88632859999998
63,64,Pfizer,"88,300",-3,"$51,750 ",-3.50%,"$16,273.00 ",45.90%,"$167,489 ","$181,075 ",Health Care,Pharmaceuticals,New York,NY,40.7127753,-74.0059728
64,65,HCA Healthcare,"245,000",2,"$51,336 ",10.00%,"$3,505.00 ",-7.40%,"$45,058 ","$30,411 ",Health Care,Health Care: Medical Facilities,Nashville,TN,36.1626638,-86.78160159999999
65,66,AIG,"46,000",-,"$49,746 ",5.00%,"$3,348.00 ",-,"$525,064 ","$20,886 ",Financials,Insurance: Property and Casualty (Stock),New York,NY,40.7127753,-74.0059728
66,67,American Express,"64,500",5,"$47,020 ",8.60%,"$6,759.00 ",-2.30%,"$198,321 ","$68,983 ",Financials,Diversified Financials,New York,NY,40.7127753,-74.0059728
67,68,Delta Air Lines,"91,224",1,"$47,007 ",5.80%,"$4,767.00 ",21.10%,"$64,532 ","$18,262 ",Transportation,Airlines,Atlanta,GA,33.7489954,-84.3879824
68,69,Merck,"71,000",7,"$46,840 ",10.70%,"$9,843.00 ",58.20%,"$84,397 ","$195,141 ",Health Care,Pharmaceuticals,Kenilworth,NJ,40.6764911,-74.2907032
69,70,American Airlines Group,"133,700",-2,"$45,768 ",2.80%,"$1,686.00 ",19.40%,"$59,995 ","$5,194 ",Transportation,Airlines,Fort Worth,TX,32.7554883,-97.3307658
70,71,Charter Communications,"95,100",-1,"$45,764 ",4.90%,"$1,668.00 ",35.60%,"$148,188 ","$111,924 ",Telecommunications,Telecommunications,Stamford,CT,41.0534302,-73.53873409999999
71,72,Allstate,"46,035",10,"$44,675 ",12.20%,"$4,847.00 ",115.20%,"$119,950 ","$29,071 ",Financials,Insurance: Property and Casualty (Stock),Northbrook,IL,42.127526700000004,-87.82895479999999
72,73,New York Life Insurance,"11,519",-2,"$44,117 ",1.60%,"$1,003.80 ",14.10%,"$330,806 ",-,Financials,"Insurance: Life, Health (Mutual)",New York,NY,40.7127753,-74.0059728
73,74,Nationwide,"28,114",-1,"$43,982 ",1.60%,$829.70 ,61.90%,"$239,540 ",-,Financials,Insurance: Property and Casualty (Mutual),Columbus,OH,39.9611755,-82.9987942
74,75,Best Buy,"125,000",-1,"$43,638 ",1.80%,"$1,541.00 ",5.30%,"$15,591 ","$14,647 ",Retailing,Specialty Retailers: Other,Richfield,MN,44.8832982,-93.28300209999999
75,76,United Airlines Holdings,"96,000",2,"$43,259 ",4.70%,"$3,009.00 ",41.30%,"$52,611 ","$7,823 ",,,,,,
76,77,Liberty Mutual Insurance Group,"45,000",-2,"$43,228 ",1.30%,"$1,044.00 ",-51.70%,"$133,644 ",-,Financials,Insurance: Property and Casualty (Stock),Boston,MA,42.360082500000004,-71.0588801
77,78,Dow,"36,500",-,"$42,951 ",-,"($1,359.00)",-,"$60,524 ","$21,716 ",,,,,,
78,79,Tyson Foods,"141,000",1,"$42,405 ",5.90%,"$2,022.00 ",-33.10%,"$33,097 ","$21,125 ","Food, Beverages &  Tobacco",Food Production,Springdale,AR,36.18674420000001,-94.1288141
79,80,TJX,"286,000",5,"$41,717 ",7.00%,"$3,272.20 ",6.90%,"$24,145 ","$57,262 ",Retailing,Specialty Retailers: Apparel,Framingham,MA,42.279286,-71.4161565
80,81,TIAA,"16,533",-2,"$40,454 ",-1.50%,"$2,460.10 ",57.60%,"$615,042 ",-,Financials,"Insurance: Life, Health (Mutual)",New York,NY,40.7127753,-74.0059728
81,82,Oracle,"136,000",-1,"$39,506 ",-0.80%,"$11,083.00 ",189.80%,"$108,709 ","$152,413 ",Technology,Computer Software,Redwood City,CA,37.4852152,-122.2363548
82,83,General Dynamics,"102,900",9,"$39,350 ",8.70%,"$3,484.00 ",4.20%,"$48,841 ","$38,398 ",Aerospace &  Defense,Aerospace and Defense,Falls Church,VA,38.882334,-77.17109140000001
83,84,Deere,"73,489",3,"$39,258 ",5.10%,"$3,253.00 ",37.40%,"$73,011 ","$43,330 ",Industrials,Construction and Farm Machinery,Moline,IL,41.5067003,-90.5151342
84,85,Nike,"76,700",5,"$39,117 ",7.50%,"$4,029.00 ",108.40%,"$23,717 ","$128,857 ",Apparel,Apparel,Beaverton,OR,45.4887993,-122.80133319999999
85,86,Progressive,"41,571",13,"$39,022 ",22.00%,"$3,970.30 ",51.80%,"$54,895 ","$43,218 ",Financials,Insurance: Property and Casualty (Stock),Mayfield,OH,41.55199520000001,-81.4392828
86,87,Publix Super Markets,"207,000",4,"$38,463 ",5.70%,"$3,005.40 ",26.20%,"$24,507 ",-,Food &  Drug Stores,Food and Drug Stores,Lakeland,FL,28.039465399999997,-81.9498042
87,88,Coca-Cola,"86,200",12,"$37,266 ",17.00%,"$8,920.00 ",38.60%,"$86,381 ","$189,983 ","Food, Beverages &  Tobacco",Beverages,Atlanta,GA,33.7489954,-84.3879824
88,89,Massachusetts Mutual Life Insurance,"9,896",-5,"$37,253 ",-5.10%,"$3,700.70 ",830.10%,"$290,731 ",-,Financials,"Insurance: Life, Health (Mutual)",Springfield,MA,42.1014831,-72.589811
89,90,Tech Data,"15,000",-2,"$36,998 ",-0.60%,$374.50 ,10.00%,"$13,269 ","$4,645 ",Wholesalers,Wholesalers: Electronics and Office Equipment,Clearwater,FL,27.9658533,-82.8001026
90,91,World Fuel Services,"5,500",-8,"$36,819 ",-7.40%,$178.90 ,40.10%,"$5,992 ","$1,647 ",Energy,Energy,Miami,FL,25.7616798,-80.1917902
91,92,Honeywell International,"113,000",-15,"$36,709 ",-12.20%,"$6,143.00 ",-9.20%,"$58,679 ","$94,628 ",Industrials,"Electronics, Electrical Equip.",Morris Plains,NJ,40.839592200000006,-74.4818698
92,93,ConocoPhillips,"10,400",-7,"$36,670 ",-5.30%,"$7,189.00 ",14.90%,"$70,514 ","$33,167 ",Energy,"Mining, Crude-Oil Production",Houston,TX,29.7604267,-95.36980279999999
93,94,USAA,"35,076",7,"$35,617 ",13.50%,"$4,006.30 ",74.80%,"$173,733 ",-,Financials,Insurance: Property and Casualty (Stock),San Antonio,TX,29.4241219,-98.4936282
94,95,Exelon,"32,713",-2,"$34,438 ",-4.30%,"$2,936.00 ",46.10%,"$124,977 ","$35,850 ",Energy,Utilities: Gas and Electric,Chicago,IL,41.8781136,-87.62979820000001
95,96,Northrop Grumman,"90,000",12,"$33,841 ",12.40%,"$2,248.00 ",-30.40%,"$41,089 ","$50,719 ",Aerospace &  Defense,Aerospace and Defense,Falls Church,VA,38.882334,-77.17109140000001
96,97,Capital One Financial,"51,900",1,"$33,766 ",4.30%,"$5,546.00 ",-7.80%,"$390,365 ","$23,063 ",Financials,Commercial Banks,McLean,VA,38.933867600000006,-77.17726040000001
97,98,Plains GP Holdings,"5,000",-4,"$33,669 ",-1.10%,$331.00 ,-0.90%,"$29,969 ","$1,022 ",Energy,Pipelines,Houston,TX,29.7604267,-95.36980279999999
98,99,AbbVie,"30,000",-3,"$33,266 ",1.60%,"$7,882.00 ",38.60%,"$89,115 ","$112,508 ",Health Care,Pharmaceuticals,North Chicago,IL,42.325578,-87.8411818
99,100,StoneX Group,"2,012",12,"$32,897 ",19.10%,$85.10 ,53.30%,"$9,936 ",$700 ,,,,,,
100,101,Enterprise Products Partners,"7,300",-12,"$32,789 ",-10.30%,"$4,591.30 ",10.00%,"$61,733 ","$31,306 ",Energy,Pipelines,Houston,TX,29.7604267,-95.36980279999999
101,102,Northwestern Mutual,"5,964",9,"$32,294 ",10.90%,"$1,268.00 ",61.90%,"$290,318 ",-,Financials,"Insurance: Life, Health (Mutual)",Milwaukee,WI,43.0389025,-87.9064736
102,103,3M,"96,163",-8,"$32,136 ",-1.90%,"$4,570.00 ",-14.60%,"$44,659 ","$78,529 ",Industrials,Miscellaneous,St Paul,MN,44.953702899999996,-93.0899578
103,104,Abbott Laboratories,"107,000",-1,"$31,904 ",4.30%,"$3,687.00 ",55.70%,"$67,887 ","$139,153 ",Health Care,Medical Products and Equipment,Lake Bluff,IL,42.304505,-87.89607120000001
104,105,CHS,"10,703",-8,"$31,901 ",-2.40%,$829.90 ,7.00%,"$16,448 ",-,"Food, Beverages &  Tobacco",Food Production,Inver Grove Heights,MN,44.8480218,-93.0427153
105,106,Travelers,"30,800",-,"$31,581 ",4.30%,"$2,622.00 ",3.90%,"$110,122 ","$25,337 ",,,,,,
106,107,Philip Morris International,"73,500",3,"$29,805 ",0.60%,"$7,185.00 ",-9.20%,"$42,875 ","$113,606 ","Food, Beverages &  Tobacco",Tobacco,New York,NY,40.7127753,-74.0059728
107,108,Raytheon,"70,000",6,"$29,176 ",7.80%,"$3,343.00 ",14.90%,"$34,566 ","$36,518 ",Aerospace &  Defense,Aerospace and Defense,Waltham,MA,42.376485200000005,-71.2356113
108,109,Hewlett Packard Enterprise,"61,600",-7,"$29,135 ",-5.60%,"$1,049.00 ",-45.00%,"$51,803 ","$12,510 ",Technology,"Computers, Office Equipment",Palo Alto,CA,37.441883399999995,-122.14301950000001
109,110,Arrow Electronics,"19,300",-1,"$28,917 ",-2.60%,($204.10),-128.50%,"$16,401 ","$4,183 ",Wholesalers,Wholesalers: Electronics and Office Equipment,Centennial,CO,39.5807452,-104.87717260000001
110,111,ViacomCBS,"26,280",106,"$27,812 ",91.60%,"$3,308.00 ",68.80%,"$49,519 ","$8,798 ",,,,,,
111,112,Dollar General,"143,000",7,"$27,754 ",8.30%,"$1,712.60 ",7.70%,"$22,825 ","$38,046 ",Retailing,Specialty Retailers: Other,Goodlettsville,TN,36.3231066,-86.7133302
112,113,U.S. Bancorp,"69,651",4,"$27,325 ",6.00%,"$6,914.00 ",-2.60%,"$495,426 ","$52,408 ",Financials,Commercial Banks,Minneapolis,MN,44.977753,-93.2650108
113,114,Starbucks,"346,000",7,"$26,509 ",7.20%,"$3,599.20 ",-20.30%,"$19,220 ","$77,179 ","Hotels, Restaurants &  Leisure",Food Services,Seattle,WA,47.6062095,-122.33207079999998
114,115,Bristol-Myers Squibb,"30,000",23,"$26,145 ",15.90%,"$3,439.00 ",-30.10%,"$129,944 ","$126,110 ",Health Care,Pharmaceuticals,New York,NY,40.7127753,-74.0059728
115,116,US Foods Holding,"28,000",9,"$25,939 ",7.30%,$385.00 ,-5.40%,"$11,288 ","$3,898 ",Wholesalers,Wholesalers: Food and Grocery,Rosemont,IL,41.9867507,-87.87216020000001
116,117,Mondelez International,"80,000",-1,"$25,868 ",-0.30%,"$3,870.00 ",14.50%,"$64,549 ","$71,762 ","Food, Beverages &  Tobacco",Food Consumer Products,Deerfield,IL,42.171136499999996,-87.8445119
117,118,Paccar,"27,000",12,"$25,600 ",9.00%,"$2,387.90 ",8.80%,"$28,361 ","$21,175 ",Industrials,Construction and Farm Machinery,Bellevue,WA,47.6101497,-122.2015159
118,119,Thermo Fisher Scientific,"75,000",5,"$25,542 ",4.90%,"$3,696.00 ",25.80%,"$58,381 ","$113,108 ",Technology,"Scientific,Photographic and  Control Equipment",Waltham,MA,42.376485200000005,-71.2356113
119,120,Macy's,"123,000",-2,"$25,331 ",-1.60%,$564.00 ,-49.10%,"$21,172 ","$1,520 ",,,,,,
120,121,Jabil,"200,000",19,"$25,282 ",14.40%,$287.10 ,232.60%,"$12,971 ","$3,738 ",Technology,Semiconductors and Other Electronic Components,St. Petersburg,FL,27.767600800000004,-82.6402915
121,122,Kraft Heinz,"37,000",-7,"$24,977 ",-4.90%,"$1,935.00 ",-,"$101,450 ","$30,226 ","Food, Beverages &  Tobacco",Food Consumer Products,Pittsburgh,PA,40.440624799999995,-79.9958864
122,123,Duke Energy,"28,793",3,"$24,658 ",2.20%,"$3,748.00 ",40.60%,"$158,838 ","$59,368 ",Energy,Utilities: Gas and Electric,Charlotte,NC,35.2270869,-80.8431267
123,124,Tesla,"48,016",20,"$24,578 ",14.50%,($862.00),-,"$34,309 ","$96,473 ",Motor Vehicles &  Parts,Motor Vehicles and Parts,Palo Alto,CA,37.441883399999995,-122.14301950000001
124,125,PBF Energy,"3,442",-12,"$24,508 ",-9.90%,$319.40 ,148.90%,"$9,132 ",$848 ,Energy,Petroleum Refining,Parsippany-Troy Hills,NJ,40.865286499999996,-74.41738769999999
125,126,Qualcomm,"37,000",11,"$24,273 ",7.40%,"$4,386.00 ",-,"$32,957 ","$77,327 ",Technology,Semiconductors and Other Electronic Components,San Diego,CA,32.715738,-117.1610838
126,127,NGL Energy Partners,"1,300",52,"$24,088 ",39.40%,$360.00 ,-,"$5,903 ",$334 ,Energy,Energy,Tulsa,OK,36.1539816,-95.992775
127,128,CBRE Group,"100,000",18,"$23,894 ",12.00%,"$1,282.40 ",20.60%,"$16,197 ","$12,625 ",Financials,Real estate,Los Angeles,CA,34.0522342,-118.24368490000002
128,129,Baker Hughes,"68,000",-,"$23,838 ",4.20%,$128.00 ,-34.40%,"$53,369 ","$10,827 ",,,,,,
129,130,Synnex,"240,900",28,"$23,757 ",18.50%,$500.70 ,66.60%,"$11,698 ","$3,719 ",Wholesalers,Wholesalers: Electronics and Office Equipment,Fremont,CA,37.548269700000006,-121.98857190000001
130,131,Dollar Tree,"125,000",4,"$23,611 ",3.50%,$827.00 ,-,"$19,575 ","$17,399 ",Retailing,Specialty Retailers: Other,Chesapeake,VA,36.7682088,-76.2874927
131,132,Cummins,"61,615",-4,"$23,571 ",-0.80%,"$2,260.00 ",5.60%,"$19,737 ","$20,044 ",Industrials,Industrial Machinery,Columbus,IN,39.201440399999996,-85.9213796
132,133,United Natural Foods,"19,000",177,"$23,481 ",129.60%,($285.00),-272.00%,"$7,181 ",$492 ,Wholesalers,Wholesalers: Food and Grocery,Providence,RI,41.8239891,-71.4128343
133,134,Micron Technology,"37,000",-29,"$23,406 ",-23.00%,"$6,313.00 ",-55.30%,"$48,887 ","$46,779 ",Technology,Semiconductors and Other Electronic Components,Boise,ID,43.6150186,-116.2023137
134,135,Amgen,"23,400",-6,"$23,362 ",-1.60%,"$7,842.00 ",-6.60%,"$59,707 ","$119,572 ",Health Care,Pharmaceuticals,Thousand Oaks,CA,34.1705609,-118.83759369999999
135,136,Penske Automotive Group,"26,980",-,"$23,179 ",1.70%,$435.80 ,-7.50%,"$13,943 ","$2,265 ",Retailing,"Automotive Retailing, Services",Bloomfield Hills,MI,42.583645000000004,-83.24548829999999
136,137,Visa,"19,500",16,"$22,977 ",11.50%,"$12,080.00 ",17.30%,"$72,574 ","$316,199 ",Business Services,Financial Data Services,SF,CA,37.7749295,-122.4194155
137,138,Broadcom,"19,000",12,"$22,597 ",8.40%,"$2,724.00 ",-77.80%,"$67,493 ","$94,791 ",,,,,,
138,139,Nucor,"26,800",-19,"$22,589 ",-9.90%,"$1,271.10 ",-46.20%,"$18,345 ","$10,847 ",Materials,Metals,Charlotte,NC,35.2270869,-80.8431267
139,140,Gilead Sciences,"11,800",-1,"$22,449 ",1.50%,"$5,386.00 ",-1.30%,"$61,627 ","$94,124 ",Health Care,Pharmaceuticals,San Mateo,CA,37.558546500000006,-122.2710788
140,141,Southwest Airlines,"60,767",1,"$22,428 ",2.10%,"$2,300.00 ",-6.70%,"$25,895 ","$18,421 ",Transportation,Airlines,Dallas,TX,32.7766642,-96.7969879
141,142,Halliburton,"55,000",-15,"$22,408 ",-6.60%,"($1,131.00)",-168.30%,"$25,377 ","$6,027 ",Energy,"Oil and Gas Equipment, Services",Houston,TX,29.7604267,-95.36980279999999
142,143,CenturyLink,"42,500",-11,"$22,401 ",-4.40%,"($5,269.00)",-,"$64,742 ","$10,307 ",Telecommunications,Telecommunications,Monroe,LA,32.5093109,-92.1193012
143,144,International Paper,"51,000",-11,"$22,376 ",-4.00%,"$1,225.00 ",-39.10%,"$33,471 ","$12,207 ",Materials,"Packaging, Containers",Memphis,TN,35.1495343,-90.0489801
144,145,Eli Lilly,"33,625",-22,"$22,320 ",-9.10%,"$8,318.40 ",157.40%,"$39,286 ","$132,760 ",Health Care,Pharmaceuticals,Indianapolis,IN,39.768403,-86.158068
145,146,Aflac,"11,729",-3,"$22,307 ",2.50%,"$3,304.00 ",13.20%,"$152,768 ","$24,739 ",Financials,"Insurance: Life, Health (stock)",Columbus,GA,32.4609764,-84.9877094
146,147,Lennar,"10,106",7,"$22,260 ",8.20%,"$1,849.10 ",9.00%,"$29,360 ","$11,591 ",Engineering &  Construction,Homebuilders,Miami,FL,25.7616798,-80.1917902
147,148,Occidental Petroleum,"14,400",19,"$21,971 ",16.00%,($667.00),-116.10%,"$109,330 ","$10,367 ",Energy,"Mining, Crude-Oil Production",Houston,TX,29.7604267,-95.36980279999999
148,149,Union Pacific,"37,483",-15,"$21,708 ",-4.90%,"$5,919.00 ",-0.80%,"$61,673 ","$97,355 ",Transportation,Railroads,Omaha,NE,41.2565369,-95.93450340000001
149,150,Rite Aid,"42,645",-43,"$21,674 ",-28.30%,($422.20),-144.80%,"$7,591 ",$822 ,Food &  Drug Stores,Food and Drug Stores,Camp Hill,PA,40.2398118,-76.91997420000001
150,151,PNC Financial Services Group,"50,968",8,"$21,624 ",8.20%,"$5,369.00 ",1.30%,"$410,295 ","$41,038 ",,,,,,
151,152,DuPont,"35,000",-117,"$21,512 ",-75.00%,$498.00 ,-87.00%,"$69,396 ","$25,213 ",,,,,,
152,153,Southern,"27,943",-22,"$21,419 ",-8.80%,"$4,739.00 ",112.90%,"$118,700 ","$57,076 ",Energy,Utilities: Gas and Electric,Atlanta,GA,33.7489954,-84.3879824
153,154,AutoNation,"25,000",-9,"$21,336 ",-0.40%,$450.00 ,13.60%,"$10,543 ","$2,511 ",Retailing,"Automotive Retailing, Services",Fort Lauderdale,FL,26.122438600000002,-80.13731740000001
154,155,DXC Technology,"130,000",-33,"$21,184 ",-13.70%,"$1,257.00 ",-28.20%,"$29,574 ","$3,311 ",Technology,Information Technology Services,Tysons,VA,38.9187222,-77.2310925
155,156,McDonald's,"205,000",-7,"$21,077 ",0.20%,"$6,025.40 ",1.70%,"$47,511 ","$123,260 ",,,,,,
156,157,Marriott International,"174,000",-6,"$20,972 ",1.00%,"$1,273.00 ",-33.20%,"$25,051 ","$24,255 ","Hotels, Restaurants &  Leisure","Hotels, Casinos, Resorts",Bethesda,MD,38.984652000000004,-77.09470920000001
157,158,ManpowerGroup,"28,000",-17,"$20,864 ",-5.10%,$465.70 ,-16.30%,"$9,224 ","$3,109 ",Business Services,Temporary Help,Milwaukee,WI,43.0389025,-87.9064736
158,159,Bank of New York Mellon,"48,400",4,"$20,822 ",8.40%,"$4,441.00 ",4.10%,"$381,508 ","$29,809 ",Financials,Commercial Banks,New York City,NY,40.7127753,-74.0059728
159,160,Hartford Financial Services Group,"19,500",1,"$20,740 ",4.60%,"$2,085.00 ",15.40%,"$70,817 ","$12,625 ",,,,,,
160,161,Danaher,"60,000",-1,"$20,521 ",3.20%,"$3,008.20 ",13.50%,"$62,082 ","$96,457 ",Health Care,Medical Products and Equipment,Leavenworth,WA,47.751074100000004,-120.7401385
161,162,Whirlpool,"77,000",-14,"$20,419 ",-2.90%,"$1,184.00 ",-,"$18,881 ","$5,378 ",Industrials,"Electronics, Electrical Equip.",Benton Harbor,MI,42.1167065,-86.4541894
162,163,AECOM,"86,000",-6,"$20,173 ",0.10%,($261.10),-291.30%,"$14,462 ","$4,735 ",Engineering &  Construction,"Engineering, Construction",Los Angeles,CA,34.0522342,-118.24368490000002
163,164,Netflix,"8,600",33,"$20,156 ",27.60%,"$1,866.90 ",54.10%,"$33,976 ","$164,772 ",Technology,Internet Services and Retailing,Los Gatos,CA,37.235807799999996,-121.96237509999999
164,165,Kohl's,"79,500",-9,"$19,974 ",-1.30%,$691.00 ,-13.70%,"$14,555 ","$2,265 ",,,,,,
165,166,Lear,"164,100",-19,"$19,810 ",-6.30%,$753.60 ,-34.50%,"$12,681 ","$4,913 ",Motor Vehicles &  Parts,Motor Vehicles and Parts,Southfield,MI,42.473368799999996,-83.2218731
166,167,Altria Group,"7,300",-5,"$19,796 ",0.90%,"($1,293.00)",-118.60%,"$49,271 ","$71,863 ","Food, Beverages &  Tobacco",Tobacco,Richmond,VA,37.540724600000004,-77.4360481
167,168,Performance Food Group,"18,000",8,"$19,744 ",12.10%,$166.80 ,-16.10%,"$4,654 ","$2,897 ",Wholesalers,Wholesalers: Food and Grocery,Richmond,VA,37.540724600000004,-77.4360481
168,169,Avnet,"15,500",-4,"$19,519 ",2.50%,$176.30 ,-,"$8,565 ","$2,506 ",Wholesalers,Wholesalers: Electronics and Office Equipment,Phoenix,AZ,33.4483771,-112.07403729999999
169,170,Synchrony Financial,"16,500",3,"$19,461 ",6.60%,"$3,747.00 ",34.30%,"$104,826 ","$9,871 ",Financials,Diversified Financials,Stamford,CT,41.0534302,-73.53873409999999
170,171,Genuine Parts,"55,000",-2,"$19,392 ",3.50%,$621.10 ,-23.40%,"$14,646 ","$9,789 ",Wholesalers,Wholesalers: Diversified,Atlanta,GA,33.7489954,-84.3879824
171,172,NextEra Energy,"14,800",12,"$19,204 ",14.80%,"$3,769.00 ",-43.20%,"$117,691 ","$117,655 ",Energy,Utilities: Gas and Electric,North Palm Beach,FL,26.879781899999998,-80.0533743
172,173,CarMax,"25,946",1,"$19,146 ",6.50%,$842.40 ,26.80%,"$18,718 ","$8,795 ",Retailing,"Automotive Retailing, Services",Richmond,VA,37.540724600000004,-77.4360481
173,174,Tenet Healthcare,"101,104",-2,"$18,479 ",0.90%,($232.00),-309.00%,"$23,351 ","$1,502 ",Health Care,Health Care: Medical Facilities,Dallas,TX,32.7766642,-96.7969879
174,175,Kimberly-Clark,"40,000",-4,"$18,450 ",-0.20%,"$2,157.00 ",53.00%,"$15,283 ","$43,663 ",Household Products,Household and Personal Products,Irving,TX,32.814017699999994,-96.9488945
175,176,Emerson Electric,"88,000",2,"$18,372 ",5.50%,"$2,306.00 ",4.70%,"$20,497 ","$29,154 ",Industrials,Industrial Machinery,St. Louis,MO,38.6270025,-90.1994042
176,177,WestRock,"51,100",13,"$18,289 ",12.30%,$862.90 ,-54.70%,"$30,157 ","$7,304 ",Materials,"Packaging, Containers",Atlanta,GA,33.7489954,-84.3879824
177,178,CDW,"9,900",13,"$18,032 ",11.00%,$736.80 ,14.60%,"$7,999 ","$13,316 ",Technology,Information Technology Services,Lincolnshire,IL,42.190024900000004,-87.90840390000001
178,179,Jones Lang LaSalle,"93,400",10,"$17,983 ",10.20%,$535.30 ,10.50%,"$13,673 ","$5,207 ",Financials,Real estate,Chicago,IL,41.8781136,-87.62979820000001
179,180,Sherwin-Williams,"61,111",-3,"$17,901 ",2.10%,"$1,541.30 ",39.00%,"$20,496 ","$42,186 ",Chemicals,Chemicals,Cleveland,OH,41.499320000000004,-81.6943605
180,181,Fluor,"53,349",-17,"$17,817 ",-7.00%,"($1,305.00)",-680.40%,"$7,884 ",$969 ,Engineering &  Construction,"Engineering, Construction",Irving,TX,32.814017699999994,-96.9488945
181,182,PayPal Holdings,"23,200",22,"$17,772 ",15.00%,"$2,459.00 ",19.50%,"$51,333 ","$112,299 ",Business Services,Financial Data Services,San Jose,CA,37.338208200000004,-121.88632859999998
182,183,D.R. Horton,"8,916",11,"$17,593 ",9.50%,"$1,618.50 ",10.80%,"$15,607 ","$12,456 ",Engineering &  Construction,Homebuilders,Arlington,TX,32.735687,-97.10806559999999
183,184,HollyFrontier,"4,074",-9,"$17,487 ",-1.30%,$772.40 ,-29.70%,"$12,165 ","$3,968 ",Energy,Petroleum Refining,Dallas,TX,32.7766642,-96.7969879
184,185,Tenneco,"78,000",82,"$17,450 ",48.30%,($334.00),-707.30%,"$13,226 ",$292 ,Motor Vehicles &  Parts,Motor Vehicles and Parts,Lake Forest,IL,42.2586342,-87.840625
185,186,EOG Resources,"2,900",-5,"$17,380 ",0.60%,"$2,734.90 ",-20.00%,"$37,125 ","$20,907 ",Energy,"Mining, Crude-Oil Production",Houston,TX,29.7604267,-95.36980279999999
186,187,Becton Dickinson,"70,093",8,"$17,290 ",8.20%,"$1,233.00 ",296.50%,"$51,765 ","$62,308 ",Health Care,Medical Products and Equipment,Franklin Lakes,NJ,41.016763899999994,-74.2057011
187,188,Lincoln National,"11,357",-1,"$17,258 ",5.10%,$886.00 ,-46.00%,"$334,761 ","$5,142 ",Financials,"Insurance: Life, Health (stock)",Wayne,PA,40.0462208,-75.3599105
188,189,PG&E,"23,000",-6,"$17,129 ",2.20%,"($7,656.00)",-,"$85,196 ","$4,763 ",,,,,,
189,190,salesforce.com,"49,000",50,"$17,098 ",28.70%,$126.00 ,-88.60%,"$55,126 ","$128,862 ",Technology,Computer Software,SF,CA,37.7749295,-122.4194155
190,191,Mastercard,"18,600",19,"$16,883 ",12.90%,"$8,118.00 ",38.60%,"$29,236 ","$242,794 ",Business Services,Financial Data Services,Harrison,NY,41.0400135,-73.71444770000001
191,192,General Mills,"40,000",8,"$16,865 ",7.10%,"$1,752.70 ",-17.80%,"$30,111 ","$31,986 ","Food, Beverages &  Tobacco",Food Consumer Products,Minneapolis,MN,44.977753,-93.2650108
192,193,Molina Healthcare,"10,000",-25,"$16,829 ",-10.90%,$737.00 ,4.20%,"$6,787 ","$8,501 ",Health Care,Health Care: Insurance and Managed Care,Long Beach,CA,33.770050399999995,-118.1937395
193,194,Cognizant Technology Solutions,"292,500",-1,"$16,783 ",4.10%,"$1,842.00 ",-12.30%,"$16,204 ","$25,495 ",Technology,Information Technology Services,Teaneck,NJ,40.8932469,-74.0116536
194,195,Marsh & McLennan,"76,000",15,"$16,652 ",11.40%,"$1,742.00 ",5.60%,"$31,357 ","$43,567 ",Financials,Diversified Financials,New York,NY,40.7127753,-74.0059728
195,196,XPO Logistics,"100,000",-16,"$16,648 ",-3.70%,$419.00 ,-0.70%,"$14,128 ","$4,502 ",Transportation,Transportation and Logistics,Greenwich,CT,41.0262417,-73.62819640000001
196,197,Dominion Energy,"19,100",41,"$16,572 ",24.00%,"$1,358.00 ",-44.50%,"$103,823 ","$60,515 ",Energy,Utilities: Gas and Electric,Richmond,VA,37.540724600000004,-77.4360481
197,198,Western Digital,"61,800",-46,"$16,569 ",-19.80%,($754.00),-211.70%,"$26,370 ","$12,442 ",Technology,"Computers, Office Equipment",San Jose,CA,37.338208200000004,-121.88632859999998
198,199,Gap,"129,000",-13,"$16,383 ",-1.20%,$351.00 ,-65.00%,"$13,679 ","$2,614 ",Retailing,Specialty Retailers: Apparel,SF,CA,37.7749295,-122.4194155
199,200,Aramark,"233,400",-2,"$16,227 ",2.80%,$448.50 ,-21.00%,"$13,736 ","$5,038 ",Business Services,Diversified Outsourcing Services,Philadelphia,PA,39.9525839,-75.1652215
200,201,Principal Financial,"17,601",18,"$16,222 ",13.90%,"$1,394.20 ",-9.80%,"$276,088 ","$8,609 ",Financials,"Insurance: Life, Health (stock)",Des Moines,IA,41.600544799999994,-93.6091064
201,202,Ross Stores,"92,500",7,"$16,039 ",7.00%,"$1,660.90 ",4.60%,"$9,348 ","$30,952 ",Retailing,Specialty Retailers: Apparel,Dublin,CA,37.7021521,-121.9357918
202,203,Colgate-Palmolive,"34,300",-1,"$15,693 ",1.00%,"$2,367.00 ",-1.40%,"$15,034 ","$56,900 ",Household Products,Household and Personal Products,New York,NY,40.7127753,-74.0059728
203,204,American Electric Power,"17,408",-12,"$15,561 ",-3.90%,"$1,921.10 ",-0.10%,"$75,892 ","$39,577 ",Energy,Utilities: Gas and Electric,Columbus,OH,39.9611755,-82.9987942
204,205,Nordstrom,"75,000",-9,"$15,524 ",-2.10%,$496.00 ,-12.10%,"$9,737 ","$2,398 ",Retailing,General Merchandisers,Seattle,WA,47.6062095,-122.33207079999998
205,206,Jacobs Engineering Group,"50,000",2,"$15,464 ",3.20%,$848.00 ,418.90%,"$11,463 ","$10,547 ",Engineering &  Construction,"Engineering, Construction",Dallas,TX,32.7766642,-96.7969879
206,207,Waste Management,"44,900",6,"$15,455 ",3.60%,"$1,670.00 ",-13.20%,"$27,743 ","$39,211 ",Business Services,Waste Management,Houston,TX,29.7604267,-95.36980279999999
207,208,C.H. Robinson Worldwide,"15,427",-23,"$15,310 ",-7.90%,$577.00 ,-13.20%,"$4,641 ","$8,695 ",Transportation,Transportation and Logistics,Eden Prairie,MN,44.8546856,-93.470786
208,209,PPG Industries,"47,600",-4,"$15,146 ",-1.50%,"$1,243.00 ",-7.30%,"$17,708 ","$19,722 ",Chemicals,Chemicals,Pittsburgh,PA,40.440624799999995,-79.9958864
209,210,Booking Holdings,"26,400",6,"$15,066 ",3.70%,"$4,865.00 ",21.70%,"$21,402 ","$55,241 ",Technology,Internet Services and Retailing,Norwalk,CT,41.117744,-73.4081575
210,211,Omnicom Group,"70,000",-5,"$14,954 ",-2.20%,"$1,339.10 ",1.00%,"$26,783 ","$11,906 ",Business Services,"Advertising, marketing",New York,NY,40.7127753,-74.0059728
211,212,Loews,"18,605",14,"$14,931 ",6.10%,$932.00 ,46.50%,"$82,243 ","$10,023 ",Financials,Insurance: Property and Casualty (Stock),New York,NY,40.7127753,-74.0059728
212,213,Ecolab,"50,200",2,"$14,906 ",1.60%,"$1,558.90 ",9.10%,"$20,869 ","$45,061 ",Chemicals,Chemicals,St Paul,MN,44.953702899999996,-93.0899578
213,214,Stryker,"40,000",19,"$14,884 ",9.40%,"$2,083.00 ",-41.40%,"$30,167 ","$62,405 ",Health Care,Medical Products and Equipment,Kalamazoo,MI,42.291706899999994,-85.5872286
214,215,Estee Lauder,"48,000",16,"$14,863 ",8.60%,"$1,785.00 ",61.10%,"$13,156 ","$57,289 ",Household Products,Household and Personal Products,New York,NY,40.7127753,-74.0059728
215,216,Goodyear Tire & Rubber,"63,000",-13,"$14,745 ",-4.70%,($311.00),-144.90%,"$17,185 ","$1,354 ",Motor Vehicles &  Parts,Motor Vehicles and Parts,Akron,OH,41.081444700000006,-81.51900529999999
216,217,Truist Financial,"59,000",29,"$14,664 ",12.80%,"$3,224.00 ",-0.40%,"$473,078 ","$41,480 ",,,,,,
217,218,Applied Materials,"22,000",-36,"$14,608 ",-15.30%,"$2,706.00 ",-18.30%,"$19,024 ","$42,077 ",Technology,Semiconductors and Other Electronic Components,Santa Clara,CA,37.354107899999995,-121.9552356
218,219,BlackRock,"16,200",2,"$14,539 ",2.40%,"$4,476.00 ",4.00%,"$168,622 ","$68,120 ",Financials,Securities,New York,NY,40.7127753,-74.0059728
219,220,Stanley Black & Decker,"59,438",8,"$14,442 ",3.30%,$955.80 ,57.90%,"$20,597 ","$15,403 ",Household Products,"Home Equipment, Furnishings",New Britain,CT,41.6612104,-72.77954190000001
220,221,Freeport-McMoRan,"27,500",-51,"$14,402 ",-22.70%,($239.00),-109.20%,"$40,809 ","$9,794 ",Energy,"Mining, Crude-Oil Production",Phoenix,AZ,33.4483771,-112.07403729999999
221,222,Texas Instruments,"29,768",-23,"$14,383 ",-8.90%,"$5,017.00 ",-10.10%,"$18,018 ","$93,303 ",Technology,Semiconductors and Other Electronic Components,Dallas,TX,32.7766642,-96.7969879
222,223,Biogen,"7,400",12,"$14,378 ",6.90%,"$5,888.50 ",32.90%,"$27,234 ","$55,070 ",Health Care,Pharmaceuticals,Cambridge,MA,42.373615799999996,-71.10973349999999
223,224,Parker-Hannifin,"55,610",-6,"$14,320 ",0.10%,"$1,512.40 ",42.60%,"$17,577 ","$16,653 ",Industrials,Industrial Machinery,Cleveland,OH,41.499320000000004,-81.6943605
224,225,Reinsurance Group of America,"3,188",26,"$14,300 ",11.10%,$870.00 ,21.50%,"$76,731 ","$5,186 ",Financials,"Insurance: Life, Health (stock)",Chesterfield,MO,38.6631083,-90.5770675
225,226,Howmet Aerospace,"41,700",1,"$14,192 ",1.30%,$470.00 ,-26.80%,"$17,578 ","$7,001 ",,,,,,
226,227,Automatic Data Processing,"58,000",12,"$14,175 ",6.40%,"$2,292.80 ",41.50%,"$41,888 ","$59,012 ",,,,,,
227,228,Uber Technologies,"26,900",-,"$14,147 ",25.50%,"($8,506.00)",-953.20%,"$31,761 ","$48,226 ",,,,,,
228,229,Illinois Tool Works,"45,000",-15,"$14,109 ",-4.50%,"$2,521.00 ",-1.60%,"$15,068 ","$45,126 ",Industrials,Industrial Machinery,Glenview,IL,42.069750899999995,-87.7878408
229,230,DaVita,"65,000",-42,"$14,102 ",-13.90%,$811.00 ,408.80%,"$17,311 ","$9,553 ",Health Care,Health Care: Medical Facilities,Denver,CO,39.739235799999996,-104.990251
230,231,Discover Financial Services,"17,200",22,"$13,989 ",8.90%,"$2,957.00 ",7.80%,"$113,996 ","$10,924 ",Financials,Commercial Banks,Riverwoods,IL,42.167525399999995,-87.897014
231,232,Land O'Lakes,"8,000",-20,"$13,888 ",-7.00%,$205.90 ,-19.10%,"$8,899 ",-,"Food, Beverages &  Tobacco",Food Consumer Products,Arden Hills,MN,45.0502435,-93.15661120000001
232,233,VF,"75,000",19,"$13,871 ",7.80%,"$1,259.80 ",91.30%,"$10,357 ","$21,347 ",Apparel,Apparel,Greensboro,NC,36.072635399999996,-79.79197540000001
233,234,Corteva,"21,000",-,"$13,846 ",-,($959.00),-,"$42,397 ","$17,608 ",,,,,,
234,235,Las Vegas Sands,"50,000",-5,"$13,739 ",0.10%,"$2,698.00 ",11.80%,"$23,199 ","$32,434 ","Hotels, Restaurants &  Leisure","Hotels, Casinos, Resorts",Las Vegas,NV,36.169941200000004,-115.13982959999998
235,236,Textron,"35,000",-7,"$13,630 ",-2.40%,$815.00 ,-33.30%,"$15,018 ","$6,071 ",Aerospace &  Defense,Aerospace and Defense,Providence,RI,41.8239891,-71.4128343
236,237,Kellogg,"31,000",-3,"$13,578 ",0.20%,$960.00 ,-28.10%,"$17,564 ","$20,547 ","Food, Beverages &  Tobacco",Food Consumer Products,Battle Creek,MI,42.32115220000001,-85.17971419999999
237,238,Guardian Life Ins. Co. of America,"9,032",6,"$13,477 ",3.50%,$679.80 ,46.20%,"$79,388 ",-,Financials,"Insurance: Life, Health (Mutual)",New York,NY,40.7127753,-74.0059728
238,239,Qurate Retail,"25,314",-14,"$13,458 ",-4.30%,($456.00),-149.80%,"$17,305 ","$2,540 ",Retailing,Internet Services and Retailing,Englewood,CO,39.647765299999996,-104.98775970000001
239,240,Core-Mark Holding,"8,555",10,"$13,329 ",3.30%,$57.70 ,26.80%,"$1,898 ","$1,295 ",Wholesalers,Wholesalers: Food and Grocery,South San Francisco,CA,37.654656,-122.40774979999999
240,241,Community Health Systems,"71,500",-18,"$13,210 ",-6.70%,($675.00),-,"$15,609 ",$394 ,Health Care,Health Care: Medical Facilities,Franklin,TN,35.9250637,-86.86888990000001
241,242,Kinder Morgan,"11,086",-18,"$13,209 ",-6.60%,"$2,190.00 ",36.10%,"$74,157 ","$31,530 ",Energy,Pipelines,Houston,TX,29.7604267,-95.36980279999999
242,243,BJ's Wholesale Club,"27,231",2,"$13,191 ",1.40%,$187.20 ,47.10%,"$5,270 ","$3,496 ",,,,,,
243,244,State Street,"39,103",3,"$13,131 ",1.20%,"$2,242.00 ",-13.70%,"$245,610 ","$18,876 ",,,,,,
244,245,Ameriprise Financial,"12,500",4,"$13,103 ",1.40%,"$1,893.00 ",-9.80%,"$151,828 ","$12,602 ",Financials,Diversified Financials,Minneapolis,MN,44.977753,-93.2650108
245,246,Global Partners,"3,860",8,"$13,082 ",3.20%,$35.90 ,-65.50%,"$2,808 ",$300 ,Wholesalers,Wholesalers: Diversified,Waltham,MA,42.376485200000005,-71.2356113
246,247,United States Steel,"27,500",-25,"$12,937 ",-8.80%,($630.00),-156.50%,"$11,608 ","$1,074 ",Materials,Metals,Pittsburgh,PA,40.440624799999995,-79.9958864
247,248,L Brands,"59,950",-7,"$12,914 ",-2.40%,($366.40),-156.90%,"$10,125 ","$3,197 ",Retailing,Specialty Retailers: Apparel,Columbus,OH,39.9611755,-82.9987942
248,249,MGM Resorts International,"72,000",17,"$12,900 ",9.70%,"$2,049.10 ",339.00%,"$33,876 ","$5,814 ","Hotels, Restaurants &  Leisure","Hotels, Casinos, Resorts",Las Vegas,NV,36.169941200000004,-115.13982959999998
249,250,L3Harris Technologies,"50,000",224,"$12,856 ",108.00%,"$1,333.00 ",85.70%,"$38,336 ","$39,067 ",,,,,,
250,251,DISH Network,"16,000",-19,"$12,808 ",-6.00%,"$1,399.50 ",-11.10%,"$33,231 ","$10,456 ",Telecommunications,Telecommunications,Englewood,CO,39.647765299999996,-104.98775970000001
251,252,Lithia Motors,"14,320",13,"$12,673 ",7.20%,$271.50 ,2.20%,"$6,084 ","$1,910 ",Retailing,"Automotive Retailing, Services",Medford,OR,42.3265152,-122.8755949
252,253,DTE Energy,"10,700",-33,"$12,669 ",-10.90%,"$1,169.00 ",4.40%,"$41,882 ","$18,290 ",Energy,Utilities: Gas and Electric,Detroit,MI,42.331427000000005,-83.0457538
253,254,American Family Insurance Group,"13,531",52,"$12,633 ",22.20%,$455.90 ,54.40%,"$31,124 ",-,Financials,Insurance: Property and Casualty (Stock),Madison,WI,43.07305170000001,-89.4012302
254,255,Farmers Insurance Exchange,"10,980",15,"$12,593 ",8.10%,$55.30 ,-,"$17,457 ",-,Financials,Insurance: Property and Casualty (Mutual),Los Angeles,CA,34.165357,-118.6089752
255,256,Consolidated Edison,"14,890",3,"$12,574 ",1.90%,"$1,343.00 ",-2.80%,"$58,079 ","$26,035 ",Energy,Utilities: Gas and Electric,New York,NY,40.7127753,-74.0059728
256,257,LKQ,"51,000",5,"$12,506 ",5.30%,$541.30 ,12.70%,"$12,780 ","$6,311 ",Wholesalers,Wholesalers: Diversified,Chicago,IL,41.8781136,-87.62979820000001
257,258,Sempra Energy,"13,969",11,"$12,443 ",6.50%,"$2,197.00 ",109.40%,"$65,665 ","$33,037 ",Energy,Utilities: Gas and Electric,San Diego,CA,32.715738,-117.1610838
258,259,Edison International,"12,937",-4,"$12,347 ",-2.40%,"$1,284.00 ",-,"$64,382 ","$19,868 ",Energy,Utilities: Gas and Electric,Rosemead,CA,34.0805651,-118.072846
259,260,CenterPoint Energy,"14,262",39,"$12,301 ",16.20%,$791.00 ,114.90%,"$35,439 ","$7,765 ",Energy,Utilities: Gas and Electric,Houston,TX,29.7604267,-95.36980279999999
260,261,Quanta Services,"40,300",22,"$12,112 ",8.40%,$402.00 ,37.10%,"$8,332 ","$4,537 ",Engineering &  Construction,"Engineering, Construction",Houston,TX,29.7604267,-95.36980279999999
261,262,Murphy USA,"7,250",-5,"$12,101 ",-3.40%,$154.80 ,-27.50%,"$2,687 ","$2,557 ",Retailing,Specialty Retailers: Other,El Dorado,AR,33.20763,-92.66626740000001
262,263,Expedia Group,"25,400",17,"$12,067 ",7.50%,$565.00 ,39.20%,"$21,416 ","$7,877 ",Retailing,Internet Services and Retailing,Bellevue,WA,47.6101497,-122.2015159
263,264,Group 1 Automotive,"15,296",8,"$12,044 ",3.80%,$174.00 ,10.30%,"$5,570 ",$813 ,Retailing,"Automotive Retailing, Services",Houston,TX,29.7604267,-95.36980279999999
264,265,Bed Bath & Beyond,"62,000",-7,"$12,029 ",-2.60%,($137.20),-132.30%,"$6,571 ",$535 ,Retailing,Specialty Retailers: Other,Union,NJ,40.697589799999996,-74.2631635
265,266,Unum Group,"10,300",7,"$11,999 ",3.50%,"$1,100.30 ",110.20%,"$67,013 ","$3,047 ",Financials,"Insurance: Life, Health (stock)",Chattanooga,TN,35.0456297,-85.3096801
266,267,CSX,"20,908",-7,"$11,937 ",-2.60%,"$3,331.00 ",0.70%,"$38,257 ","$44,162 ",Transportation,Railroads,Jacksonville,FL,30.3321838,-81.655651
267,268,AutoZone,"75,840",13,"$11,864 ",5.70%,"$1,617.20 ",20.90%,"$9,896 ","$19,756 ",Retailing,Specialty Retailers: Other,Memphis,TN,35.1495343,-90.0489801
268,269,Pacific Life,"3,815",29,"$11,847 ",10.70%,$725.00 ,-20.60%,"$171,473 ",-,Financials,"Insurance: Life, Health (stock)",Newport Beach,CA,33.618882899999996,-117.9298493
269,270,Vistra Energy,"5,475",67,"$11,809 ",29.10%,$928.00 ,-,"$26,616 ","$7,795 ",Energy,Energy,Irving,TX,32.814017699999994,-96.9488945
270,271,Charles Schwab,"19,700",18,"$11,785 ",7.20%,"$3,704.00 ",5.60%,"$294,005 ","$43,278 ",Financials,Securities,SF,CA,37.7749295,-122.4194155
271,272,Crown Holdings,"33,043",12,"$11,665 ",4.60%,$510.00 ,16.20%,"$15,505 ","$7,876 ",Materials,"Packaging, Containers",Philadelphia,PA,39.9525839,-75.1652215
272,273,Ally Financial,"8,700",30,"$11,618 ",11.00%,"$1,715.00 ",35.80%,"$180,644 ","$5,403 ",Financials,Diversified Financials,Detroit,MI,42.331427000000005,-83.0457538
273,274,Laboratory Corp. of America,"65,000",4,"$11,555 ",2.00%,$823.80 ,-6.80%,"$18,046 ","$12,298 ",Health Care,Health Care: Pharmacy and Other Services,Burlington,NC,36.0956918,-79.43779909999999
274,275,Live Nation Entertainment,"18,200",17,"$11,548 ",7.00%,$69.90 ,16.00%,"$10,976 ","$9,753 ",Media,Entertainment,Beverly Hills,CA,34.073620399999996,-118.40035630000001
275,276,Xcel Energy,"11,295",-2,"$11,529 ",-0.10%,"$1,372.00 ",8.80%,"$50,448 ","$31,638 ",Energy,Utilities: Gas and Electric,Minneapolis,MN,44.977753,-93.2650108
276,277,Corning,"49,500",2,"$11,503 ",1.90%,$960.00 ,-9.90%,"$28,898 ","$15,664 ",Industrials,"Electronics, Electrical Equip.",Corning,NY,42.1428521,-77.05469029999999
277,278,W.W. Grainger,"24,550",4,"$11,486 ",2.40%,$849.00 ,8.60%,"$6,005 ","$13,338 ",Wholesalers,Wholesalers: Diversified,Lake Forest,IL,42.2586342,-87.840625
278,279,Ball,"18,300",-8,"$11,474 ",-1.40%,$566.00 ,24.70%,"$17,360 ","$21,065 ",Materials,"Packaging, Containers",Broomfield,CO,39.9205411,-105.0866504
279,280,Fox,"7,700",-,"$11,389 ",-,"$1,595.00 ",-,"$19,509 ","$14,143 ",,,,,,
280,281,Universal Health Services,"79,050",12,"$11,378 ",5.60%,$814.90 ,4.50%,"$11,668 ","$8,593 ",Health Care,Health Care: Medical Facilities,King of Prussia,PA,40.101285600000004,-75.38355250000001
281,282,Baxter International,"50,000",4,"$11,362 ",2.40%,"$1,001.00 ",-35.30%,"$18,193 ","$41,180 ",Health Care,Medical Products and Equipment,Deerfield,IL,42.171136499999996,-87.8445119
282,283,Norfolk Southern,"24,587",-6,"$11,296 ",-1.40%,"$2,722.00 ",2.10%,"$37,923 ","$37,537 ",Transportation,Railroads,Norfolk,VA,36.8507689,-76.28587259999999
283,284,Navistar International,"12,300",24,"$11,251 ",9.80%,$221.00 ,-35.00%,"$6,917 ","$1,641 ",Industrials,Construction and Farm Machinery,Lisle,IL,41.801140999999994,-88.0747875
284,285,Adobe,"22,634",54,"$11,171 ",23.70%,"$2,951.50 ",13.90%,"$20,762 ","$153,328 ",,,,,,
285,286,J.C. Penney,"90,000",-25,"$11,167 ",-7.10%,($268.00),-,"$7,989 ",$116 ,Retailing,General Merchandisers,Plano,TX,33.0198431,-96.6988856
286,287,Discovery,"9,200",13,"$11,144 ",5.60%,"$2,069.00 ",248.30%,"$33,735 ","$9,503 ",Media,Entertainment,Silver Spring,MD,38.9906657,-77.026088
287,288,Keurig Dr Pepper,"25,500",121,"$11,120 ",49.40%,"$1,254.00 ",114.00%,"$49,518 ","$34,148 ",,,,,,
288,289,Leidos Holdings,"34,000",22,"$11,094 ",8.80%,$667.00 ,14.80%,"$9,367 ","$13,000 ",Technology,Information Technology Services,Reston,VA,38.9586307,-77.35700279999999
289,290,IQVIA Holdings,"67,000",15,"$11,088 ",6.50%,$191.00 ,-26.30%,"$23,251 ","$20,797 ",Health Care,Health Care: Pharmacy and Other Services,Durham,NC,35.980513,-78.90511
290,291,Reliance Steel & Aluminum,"15,300",-16,"$10,974 ",-4.90%,$701.50 ,10.70%,"$8,131 ","$5,856 ",Materials,Metals,Los Angeles,CA,34.0522342,-118.24368490000002
291,292,Nvidia,"13,775",-24,"$10,918 ",-6.80%,"$2,796.00 ",-32.50%,"$17,315 ","$161,451 ",Technology,Semiconductors and Other Electronic Components,Santa Clara,CA,37.354107899999995,-121.9552356
292,293,Entergy,"13,635",-5,"$10,879 ",-1.20%,"$1,241.20 ",46.30%,"$51,724 ","$18,871 ",Energy,Utilities: Gas and Electric,New Orleans,LA,29.9510658,-90.0715323
293,294,FirstEnergy,"12,316",-31,"$10,850 ",-8.50%,$912.00 ,-32.30%,"$42,301 ","$21,666 ",Energy,Utilities: Gas and Electric,Akron,OH,41.081444700000006,-81.51900529999999
294,295,eBay,"13,300",-,"$10,800 ",0.50%,"$1,786.00 ",-29.40%,"$18,174 ","$23,930 ",Technology,Internet Services and Retailing,San Jose,CA,37.338208200000004,-121.88632859999998
295,296,Boston Scientific,"36,000",23,"$10,735 ",9.30%,"$4,700.00 ",181.30%,"$30,565 ","$45,656 ",Health Care,Medical Products and Equipment,Marlboro,MA,42.3459271,-71.55228740000001
296,297,Office Depot,"40,000",-12,"$10,647 ",-4.30%,$99.00 ,-4.80%,"$7,311 ",$868 ,Retailing,Specialty Retailers: Other,Boca Raton,FL,26.3683064,-80.1289321
297,298,Molson Coors Beverage,"17,700",-4,"$10,579 ",-1.80%,$241.70 ,-78.40%,"$28,860 ","$8,441 ",,,,,,
298,299,Steel Dynamics,"8,385",-35,"$10,465 ",-11.50%,$671.10 ,-46.70%,"$8,276 ","$4,794 ",Materials,Metals,Fort Wayne,IN,41.079273,-85.13935129999999
299,300,Mutual of Omaha Insurance,"6,072",36,"$10,456 ",11.90%,$271.50 ,-2.10%,"$50,174 ",-,Financials,"Insurance: Life, Health (stock)",Omaha,NE,41.2565369,-95.93450340000001
300,301,Sonic Automotive,"9,300",15,"$10,454 ",5.10%,$144.10 ,179.10%,"$4,071 ",$567 ,Retailing,"Automotive Retailing, Services",Charlotte,NC,35.2270869,-80.8431267
301,302,Alcoa,"13,800",-66,"$10,433 ",-22.20%,"($1,125.00)",-595.60%,"$14,631 ","$1,145 ",Materials,Metals,Pittsburgh,PA,40.440624799999995,-79.9958864
302,303,Fidelity National Information Services,"55,000",58,"$10,333 ",22.70%,$298.00 ,-64.80%,"$83,806 ","$74,969 ",Business Services,Financial Data Services,Jacksonville,FL,30.3321838,-81.655651
303,304,Henry Schein,"19,000",-62,"$10,305 ",-21.90%,$694.70 ,29.60%,"$7,151 ","$7,244 ",Wholesalers,Wholesalers: Health Care,Melville,NY,40.793432200000005,-73.4151214
304,305,Republic Services,"36,000",9,"$10,299 ",2.60%,"$1,073.30 ",3.50%,"$22,684 ","$23,956 ",Business Services,Waste Management,Phoenix,AZ,33.4483771,-112.07403729999999
305,306,Liberty Media,"6,753",74,"$10,292 ",28.00%,$106.00 ,-80.00%,"$44,189 ","$9,972 ",Media,Entertainment,Englewood,CO,39.647765299999996,-104.98775970000001
306,307,Peter Kiewit Sons',"23,000",33,"$10,283 ",13.90%,$419.00 ,-10.50%,"$5,717 ",-,,,,,,
307,308,Interpublic Group,"54,300",14,"$10,221 ",5.20%,$656.00 ,6.00%,"$17,752 ","$6,279 ",Business Services,"Advertising, marketing",New York,NY,40.7127753,-74.0059728
308,309,PulteGroup,"5,245",3,"$10,213 ",0.20%,"$1,016.70 ",-0.50%,"$10,716 ","$6,015 ",Engineering &  Construction,Homebuilders,Atlanta,GA,33.7489954,-84.3879824
309,310,AES,"8,000",-14,"$10,189 ",-5.10%,$303.00 ,-74.80%,"$33,648 ","$9,041 ",Energy,Utilities: Gas and Electric,Arlington,VA,38.8816208,-77.0909809
310,311,Fiserv,"44,000",177,"$10,187 ",74.90%,$893.00 ,-24.80%,"$77,539 ","$64,508 ",Business Services,Financial Data Services,Brookfield,WI,43.0605671,-88.1064787
311,312,BorgWarner,"29,000",-11,"$10,168 ",-3.40%,$746.00 ,-19.80%,"$9,702 ","$5,037 ",Motor Vehicles &  Parts,Motor Vehicles and Parts,Auburn Hills,MI,42.6875323,-83.23410279999999
312,313,Oneok,"2,882",-57,"$10,164 ",-19.30%,"$1,278.60 ",11.00%,"$21,812 ","$9,015 ",Energy,Pipelines,Tulsa,OK,36.1539816,-95.992775
313,314,O'Reilly Automotive,"67,663",15,"$10,150 ",6.40%,"$1,391.00 ",5.00%,"$10,717 ","$22,353 ",,,,,,
314,315,Assurant,"13,900",63,"$10,087 ",25.20%,$382.60 ,52.40%,"$44,291 ","$6,218 ",Financials,Insurance: Property and Casualty (Stock),New York,NY,40.7127753,-74.0059728
315,316,Newell Brands,"30,000",-73,"$10,083 ",-22.60%,$106.60 ,-,"$15,642 ","$5,949 ",Household Products,"Home Equipment, Furnishings",Hoboken,NJ,40.7439905,-74.0323626
316,317,Public Service Enterprise Group,"12,992",6,"$10,076 ",3.90%,"$1,693.00 ",17.70%,"$47,730 ","$22,685 ",Energy,Utilities: Gas and Electric,Newark,NJ,40.735657,-74.1723667
317,318,News Corp.,"28,000",23,"$10,074 ",11.60%,$155.00 ,-,"$15,711 ","$5,280 ",Media,"Publishing, Printing",New York,NY,40.7127753,-74.0059728
318,319,Calpine,"2,256",11,"$10,072 ",5.90%,$770.00 ,7600.00%,"$16,649 ",-,Energy,Energy,Houston,TX,29.7604267,-95.36980279999999
319,320,Auto-Owners Insurance,"6,141",62,"$10,007 ",25.10%,"$1,352.40 ",79.20%,"$27,135 ",-,Financials,Insurance: Property and Casualty (Mutual),Lansing,MI,42.732535,-84.55553470000001
320,321,Mohawk Industries,"41,800",-6,"$9,971 ",-0.10%,$744.20 ,-13.60%,"$13,387 ","$5,464 ",Household Products,"Home Equipment, Furnishings",Calhoun,GA,34.502587,-84.9510542
321,322,PVH,"30,750",2,"$9,909 ",2.60%,$417.30 ,-44.10%,"$13,631 ","$2,746 ",Apparel,Apparel,New York,NY,40.7127753,-74.0059728
322,322,Campbell Soup,"19,000",27,"$9,909 ",14.10%,$211.00 ,-19.20%,"$13,148 ","$13,929 ","Food, Beverages &  Tobacco",Food Consumer Products,Camden,NJ,39.9259463,-75.1196199
323,324,NRG Energy,"4,577",-33,"$9,871 ",-8.60%,"$4,438.00 ",1556.00%,"$12,531 ","$6,830 ",Energy,Energy,Princeton,NJ,40.3572976,-74.66722259999999
324,325,Fifth Third Bancorp,"19,869",59,"$9,790 ",22.80%,"$2,512.00 ",14.50%,"$169,369 ","$10,560 ",Financials,Commercial Banks,Cincinnati,OH,39.103118200000004,-84.5120196
325,326,Hertz Global Holdings,"38,000",5,"$9,779 ",2.90%,($58.00),-,"$24,627 ",$878 ,Retailing,"Automotive Retailing, Services",Estero,FL,26.438136,-81.8067523
326,327,Altice USA,"10,700",-,"$9,761 ",2.00%,$138.90 ,637.70%,"$34,108 ","$14,110 ",,,,,,
327,328,Newmont,"16,600",91,"$9,740 ",34.30%,"$2,805.00 ",722.60%,"$39,974 ","$36,577 ",,,,,,
328,329,Cheniere Energy,"1,530",54,"$9,730 ",21.80%,$648.00 ,37.60%,"$35,492 ","$8,512 ",Energy,Energy,Houston,TX,29.7604267,-95.36980279999999
329,330,Advance Auto Parts,"53,000",-4,"$9,709 ",1.30%,$486.90 ,14.90%,"$11,249 ","$6,461 ",Retailing,Specialty Retailers: Other,Roanoke,VA,37.270970399999996,-79.9414266
330,331,Lam Research,"10,700",-44,"$9,654 ",-12.90%,"$2,191.40 ",-7.90%,"$12,001 ","$34,932 ",Technology,Semiconductors and Other Electronic Components,Fremont,CA,37.548269700000006,-121.98857190000001
331,332,Owens & Minor,"15,400",-15,"$9,650 ",-1.90%,($62.40),-,"$3,643 ",$577 ,Wholesalers,Wholesalers: Health Care,Mechanicsville,VA,37.6087561,-77.37331390000001
332,333,Equitable Holdings,"10,100",-,"$9,591 ",-20.60%,"($1,733.00)",-195.20%,"$249,870 ","$6,707 ",,,,,,
333,334,Conagra Brands,"18,000",52,"$9,538 ",20.20%,$678.30 ,-16.10%,"$22,214 ","$14,291 ","Food, Beverages &  Tobacco",Food Consumer Products,Chicago,IL,41.8781136,-87.62979820000001
334,335,Markel,"18,600",106,"$9,526 ",39.20%,"$1,790.50 ",-,"$37,474 ","$12,787 ",Financials,Insurance: Property and Casualty (Stock),Glen Allen,VA,37.665978,-77.5063739
335,336,Jones Financial (Edward Jones),"49,000",20,"$9,526 ",10.80%,"$1,092.00 ",10.30%,"$19,317 ",-,Financials,Securities,Des Peres,MO,38.59722,-90.448126
336,337,Hormel Foods,"18,800",-9,"$9,497 ",-0.50%,$978.80 ,-3.30%,"$8,109 ","$25,082 ","Food, Beverages &  Tobacco",Food Consumer Products,Austin,MN,43.6666296,-92.9746367
337,338,Hilton Worldwide Holdings,"173,000",7,"$9,452 ",6.10%,$881.00 ,15.30%,"$14,957 ","$18,933 ","Hotels, Restaurants &  Leisure","Hotels, Casinos, Resorts",McLean,VA,38.933867600000006,-77.17726040000001
338,339,Univar Solutions,"10,300",14,"$9,444 ",9.40%,($100.20),-158.20%,"$6,495 ","$1,810 ",,,,,,
339,340,United Rentals,"19,100",39,"$9,351 ",16.20%,"$1,174.00 ",7.10%,"$18,970 ","$7,623 ",Business Services,Miscellaneous,Stamford,CT,41.0534302,-73.53873409999999
340,341,Pioneer Natural Resources,"2,323",-8,"$9,304 ",-1.20%,$756.00 ,-22.70%,"$19,067 ","$11,625 ",Energy,"Mining, Crude-Oil Production",Irving,TX,32.814017699999994,-96.9488945
341,342,Delek US Holdings,"3,707",-35,"$9,298 ",-9.40%,$310.60 ,-8.70%,"$7,016 ","$1,190 ",Energy,Petroleum Refining,Brentwood,TN,36.0331164,-86.7827772
342,343,Eastman Chemical,"14,500",-30,"$9,273 ",-8.60%,$759.00 ,-29.70%,"$16,008 ","$6,330 ",Chemicals,Chemicals,Kingsport,TN,36.548434,-82.5618186
343,344,EMCOR Group,"36,000",31,"$9,175 ",12.80%,$325.10 ,14.70%,"$4,830 ","$3,450 ",Engineering &  Construction,"Engineering, Construction",Norwalk,CT,41.117744,-73.4081575
344,345,Avis Budget Group,"25,600",-7,"$9,172 ",0.50%,$302.00 ,83.00%,"$23,126 ",$967 ,Retailing,"Automotive Retailing, Services",Parsippany-Troy Hills,NJ,40.865286499999996,-74.41738769999999
345,346,J.B. Hunt Transport Services,"29,056",8,"$9,165 ",6.40%,$516.30 ,5.50%,"$5,471 ","$9,800 ",Transportation,"Trucking, Truck Leasing",Lowell,AR,36.25535429999999,-94.1307587
346,347,Xerox Holdings,"27,000",-29,"$9,145 ",-7.00%,"$1,353.00 ",274.80%,"$15,047 ","$4,030 ",,,,,,
347,348,Wayfair,"16,985",98,"$9,127 ",34.60%,($984.60),-,"$2,953 ","$5,043 ",Technology,Internet Services and Retailing,Boston,MA,42.360082500000004,-71.0588801
348,349,KKR,"1,384",-,"$9,120 ",74.60%,"$2,005.00 ",77.30%,"$60,899 ","$19,913 ",Financials,Securities,New York,NY,40.7127753,-74.0059728
349,350,AGCO,"20,961",-15,"$9,041 ",-3.30%,$125.20 ,-56.10%,"$7,760 ","$3,546 ",Industrials,Construction and Farm Machinery,Duluth,GA,34.0028786,-84.1446376
350,351,Alleghany,"10,786",86,"$9,041 ",31.30%,$857.80 ,2069.50%,"$26,932 ","$7,924 ",Financials,Insurance: Property and Casualty (Stock),New York,NY,40.7127753,-74.0059728
351,352,Icahn Enterprises,"28,033",-186,"$8,992 ",-52.60%,"($1,098.00)",-172.90%,"$24,639 ","$10,366 ",Financials,Diversified Financials,New York,NY,40.7127753,-74.0059728
352,353,Voya Financial,"6,000",-10,"$8,942 ",0.10%,($351.00),-140.10%,"$169,051 ","$5,366 ",Financials,Diversified Financials,New York,NY,40.7127753,-74.0059728
353,354,Ryder System,"39,900",9,"$8,926 ",6.10%,($24.40),-108.90%,"$14,475 ","$1,381 ",Transportation,"Trucking, Truck Leasing",Miami,FL,25.7616798,-80.1917902
354,355,Air Products & Chemicals,"17,570",-11,"$8,919 ",-0.10%,"$1,760.00 ",17.50%,"$18,943 ","$44,050 ",Chemicals,Chemicals,Allentown,PA,40.6022939,-75.4714098
355,356,Mosaic,"12,600",-31,"$8,906 ",-7.10%,"($1,067.40)",-327.10%,"$19,299 ","$4,098 ",Chemicals,Chemicals,Plymouth,MN,45.01051939999999,-93.4555093
356,357,Huntington Ingalls Industries,"42,000",14,"$8,899 ",8.80%,$549.00 ,-34.30%,"$7,031 ","$7,420 ",Aerospace &  Defense,Aerospace and Defense,Newport News,VA,37.087082099999996,-76.4730122
357,358,Berry Global Group,"48,000",31,"$8,878 ",12.80%,$404.00 ,-18.50%,"$16,469 ","$4,463 ",Materials,"Packaging, Containers",Evansville,IN,37.9715592,-87.5710898
358,359,Anixter International,"9,400",5,"$8,846 ",5.30%,$262.90 ,68.20%,"$4,809 ","$2,973 ",Wholesalers,Wholesalers: Electronics and Office Equipment,Glenview,IL,42.069750899999995,-87.7878408
359,360,Alaska Air Group,"24,134",8,"$8,781 ",6.30%,$769.00 ,76.00%,"$12,993 ","$3,490 ",Transportation,Airlines,Seattle,WA,47.6062095,-122.33207079999998
360,361,Yum China Holdings,"450,000",1,"$8,776 ",4.30%,$713.00 ,0.70%,"$6,950 ","$16,033 ","Hotels, Restaurants &  Leisure",Food Services,Plano,TX,33.0198431,-96.6988856
361,362,Dick's Sporting Goods,"28,450",-3,"$8,751 ",3.70%,$297.50 ,-7.00%,"$6,629 ","$1,848 ",,,,,,
362,363,Caesars Entertainment,"64,000",2,"$8,742 ",4.20%,"($1,195.00)",-494.40%,"$25,345 ","$4,612 ","Hotels, Restaurants &  Leisure","Hotels, Casinos, Resorts",Las Vegas,NV,36.169941200000004,-115.13982959999998
363,364,Genworth Financial,"3,100",-4,"$8,681 ",3.00%,$343.00 ,188.20%,"$101,342 ","$1,676 ",Financials,"Insurance: Life, Health (stock)",Richmond,VA,37.540724600000004,-77.4360481
364,365,Targa Resources,"2,680",-63,"$8,671 ",-17.30%,($209.20),-13175.00%,"$18,815 ","$1,611 ",Energy,Pipelines,Houston,TX,29.7604267,-95.36980279999999
365,366,Coty,"19,000",-32,"$8,649 ",-8.00%,"($3,784.20)",-,"$17,665 ","$3,924 ",Household Products,Household and Personal Products,New York,NY,40.7127753,-74.0059728
366,367,Dana,"36,300",6,"$8,620 ",5.90%,$226.00 ,-47.10%,"$7,220 ","$1,128 ",Motor Vehicles &  Parts,Motor Vehicles and Parts,Maumee,OH,41.5628294,-83.6538244
367,368,Thrivent Financial for Lutherans,"3,235",-17,"$8,612 ",-0.30%,$968.10 ,-21.50%,"$102,478 ",-,Financials,"Insurance: Life, Health (Mutual)",Minneapolis,MN,44.977753,-93.2650108
368,369,Autoliv,"61,957",-48,"$8,548 ",-12.80%,$461.50 ,142.40%,"$6,771 ","$4,017 ",Motor Vehicles &  Parts,Motor Vehicles and Parts,Auburn Hills,MI,42.6875323,-83.23410279999999
369,370,SpartanNash,"13,800",7,"$8,536 ",5.80%,$5.70 ,-82.90%,"$2,276 ",$521 ,Wholesalers,Wholesalers: Food and Grocery,Byron Center,MI,42.812250799999994,-85.7228061
370,371,Eversource Energy,"8,234",-13,"$8,527 ",0.90%,$909.10 ,-12.00%,"$41,124 ","$25,835 ",Energy,Utilities: Gas and Electric,Springfield,MA,42.1014831,-72.589811
371,372,Darden Restaurants,"184,514",4,"$8,510 ",5.30%,$713.40 ,19.70%,"$5,893 ","$6,580 ","Hotels, Restaurants &  Leisure",Food Services,Orlando,FL,28.5383355,-81.3792365
372,373,Chesapeake Energy,"2,300",-64,"$8,489 ",-17.00%,($308.00),-135.30%,"$16,193 ",$338 ,Energy,"Mining, Crude-Oil Production",Oklahoma City,OK,35.4675602,-97.5164276
373,374,National Oilwell Varco,"34,645",-17,"$8,479 ",0.30%,"($6,095.00)",-,"$13,149 ","$3,794 ",Energy,"Oil and Gas Equipment, Services",Houston,TX,29.7604267,-95.36980279999999
374,375,Fidelity National Financial,"23,484",27,"$8,469 ",11.50%,"$1,062.00 ",69.10%,"$10,677 ","$6,854 ",Financials,Insurance: Property and Casualty (Stock),Jacksonville,FL,30.3321838,-81.655651
375,376,Erie Insurance Group,"5,778",5,"$8,443 ",5.10%,$551.00 ,-19.70%,"$23,347 ",-,Financials,Insurance: Property and Casualty (Mutual),Erie,PA,42.1292241,-80.085059
376,377,Oshkosh,"15,400",18,"$8,382 ",8.80%,$579.40 ,22.80%,"$5,566 ","$4,394 ",Industrials,Construction and Farm Machinery,Oshkosh,WI,44.024706200000004,-88.5426136
377,378,Casey's General Stores,"26,866",30,"$8,365 ",11.90%,$203.90 ,-35.90%,"$3,731 ","$4,875 ",,,,,,
378,379,WESCO International,"9,500",-9,"$8,359 ",2.20%,$223.40 ,-1.70%,"$5,018 ",$957 ,Wholesalers,Wholesalers: Diversified,Pittsburgh,PA,40.440624799999995,-79.9958864
379,380,Tractor Supply,"24,000",8,"$8,352 ",5.60%,$562.40 ,5.60%,"$5,289 ","$9,810 ",Retailing,Specialty Retailers: Other,Brentwood,TN,36.0331164,-86.7827772
380,381,CommScope Holding,"30,000",-,"$8,345 ",82.70%,($929.50),-762.90%,"$14,432 ","$1,779 ",Technology,Network and Other Communications Equipment,Newton,NC,35.7344538,-81.3444573
381,382,Huntsman,"10,000",-106,"$8,342 ",-27.60%,$562.00 ,66.80%,"$8,320 ","$3,217 ",Chemicals,Chemicals,The Woodlands,TX,30.1658207,-95.4612625
382,383,American Financial Group,"7,700",44,"$8,237 ",15.20%,$897.00 ,69.20%,"$70,130 ","$6,331 ",Financials,Insurance: Property and Casualty (Stock),Cincinnati,OH,39.103118200000004,-84.5120196
383,384,Masco,"22,000",-18,"$8,235 ",-1.50%,$935.00 ,27.40%,"$5,027 ","$9,118 ",Household Products,"Home Equipment, Furnishings",Livonia,MI,42.36837,-83.3527097
384,385,Sanmina,"38,500",44,"$8,234 ",15.80%,$141.50 ,-,"$3,906 ","$1,927 ",Technology,Semiconductors and Other Electronic Components,San Jose,CA,37.338208200000004,-121.88632859999998
385,386,Amphenol,"74,000",-17,"$8,225 ",0.30%,"$1,155.00 ",-4.10%,"$10,816 ","$21,726 ",Technology,Network and Other Communications Equipment,Wallingford,CT,41.45701079999999,-72.82307359999999
386,387,Williams,"4,812",-39,"$8,201 ",-5.60%,$850.00 ,-,"$46,040 ","$17,166 ",Energy,Energy,Tulsa,OK,36.1539816,-95.992775
387,388,Westinghouse Air Brake,"27,500",-,"$8,200 ",87.90%,$326.70 ,10.80%,"$18,944 ","$9,227 ",Industrials,Industrial Machinery,Wilmerding,PA,40.3909023,-79.8100472
388,389,Expeditors Intl. of Washington,"18,000",-15,"$8,175 ",0.50%,$590.40 ,-4.50%,"$3,692 ","$11,208 ",Transportation,Transportation and Logistics,Seattle,WA,47.6062095,-122.33207079999998
389,390,Andersons,"2,284",-,"$8,170 ",168.30%,$18.30 ,-55.90%,"$3,901 ",$629 ,"Food, Beverages &  Tobacco",Food Production,Maumee,OH,41.5628294,-83.6538244
390,391,Westlake Chemical,"9,430",-39,"$8,118 ",-6.00%,$421.00 ,-57.70%,"$13,261 ","$4,901 ",Chemicals,Chemicals,Houston,TX,29.7604267,-95.36980279999999
391,392,Constellation Brands,"9,800",11,"$8,116 ",7.00%,"$3,435.90 ",48.20%,"$29,232 ","$27,601 ","Food, Beverages &  Tobacco",Beverages,Victor,NY,42.982563299999995,-77.40887940000002
392,393,Frontier Communications,"18,317",-38,"$8,107 ",-5.90%,"($5,911.00)",-,"$17,488 ",$40 ,Telecommunications,Telecommunications,Norwalk,CT,41.117744,-73.4081575
393,394,JetBlue Airways,"19,032",5,"$8,094 ",5.70%,$569.00 ,202.70%,"$11,918 ","$2,526 ",Transportation,Airlines,,NY,40.744679,-73.94854240000001
394,395,Citizens Financial Group,"17,997",20,"$8,066 ",9.70%,"$1,791.00 ",4.10%,"$165,733 ","$8,040 ",Financials,Commercial Banks,Providence,RI,41.8239891,-71.4128343
395,396,Raymond James Financial,"14,200",11,"$8,023 ",7.30%,"$1,034.00 ",20.70%,"$38,830 ","$8,803 ",Financials,Securities,St. Petersburg,FL,27.767600800000004,-82.6402915
396,397,Foot Locker,"33,294",-12,"$8,005 ",0.80%,$491.00 ,-9.20%,"$6,589 ","$2,297 ",Retailing,Specialty Retailers: Apparel,New York,NY,40.7127753,-74.0059728
397,398,Hershey,"15,330",-7,"$7,986 ",2.50%,"$1,149.70 ",-2.40%,"$8,140 ","$27,792 ","Food, Beverages &  Tobacco",Food Consumer Products,Hershey,PA,40.2859239,-76.6502468
398,399,Zimmer Biomet Holdings,"19,900",-12,"$7,982 ",0.60%,"$1,131.60 ",-,"$24,639 ","$20,891 ",Health Care,Medical Products and Equipment,Warsaw,IN,41.2381,-85.85304690000001
399,400,Cincinnati Financial,"5,200",-,"$7,924 ",46.50%,"$1,997.40 ",595.60%,"$25,408 ","$12,242 ",Financials,Insurance: Property and Casualty (Stock),Fairfield,OH,39.345467299999996,-84.56031870000001
400,401,Western & Southern Financial Group,"2,787",20,"$7,921 ",9.90%,$244.90 ,-50.50%,"$54,703 ",-,,,,,,
401,402,W.R. Berkley,"7,493",-5,"$7,902 ",2.70%,$681.90 ,6.40%,"$26,643 ","$9,569 ",Financials,Insurance: Property and Casualty (Stock),Greenwich,CT,41.0262417,-73.62819640000001
402,403,Motorola Solutions,"17,000",13,"$7,887 ",7.40%,$868.00 ,-10.10%,"$10,642 ","$22,803 ",Technology,Network and Other Communications Equipment,Chicago,IL,41.8781136,-87.62979820000001
403,404,Thor Industries,"21,750",-37,"$7,865 ",-5.60%,$133.30 ,-69.00%,"$5,660 ","$2,328 ",Motor Vehicles &  Parts,Motor Vehicles and Parts,Elkhart,IN,41.6819935,-85.9766671
404,405,Regeneron Pharmaceuticals,"8,100",45,"$7,863 ",17.20%,"$2,115.80 ",-13.40%,"$14,805 ","$53,722 ",Health Care,Pharmaceuticals,Tarrytown,NY,41.076207700000005,-73.85874609999999
405,406,Spirit AeroSystems Holdings,"18,200",14,"$7,863 ",8.90%,$530.10 ,-14.10%,"$7,606 ","$2,507 ",Aerospace &  Defense,Aerospace and Defense,Wichita,KS,37.6871761,-97.330053
406,407,J.M. Smucker,"7,400",7,"$7,838 ",6.50%,$514.40 ,-61.60%,"$16,711 ","$12,658 ","Food, Beverages &  Tobacco",Food Consumer Products,Orrville,OH,40.843666299999995,-81.7640212
407,408,PPL,"12,280",-16,"$7,769 ",-0.20%,"$1,746.00 ",-4.40%,"$45,680 ","$18,950 ",Energy,Utilities: Gas and Electric,Allentown,PA,40.6022939,-75.4714098
408,409,Insight Enterprises,"11,261",21,"$7,731 ",9.20%,$159.40 ,-2.60%,"$4,178 ","$1,486 ",Technology,Information Technology Services,Tempe,AZ,33.4255104,-111.9400054
409,410,Quest Diagnostics,"47,000",-6,"$7,726 ",2.60%,$858.00 ,16.60%,"$12,843 ","$10,716 ",Health Care,Health Care: Pharmacy and Other Services,Secaucus,NJ,40.7895453,-74.05652979999999
410,411,KeyCorp,"17,045",2,"$7,694 ",4.10%,"$1,717.00 ",-8.00%,"$144,988 ","$10,058 ",Financials,Commercial Banks,Cleveland,OH,41.499320000000004,-81.6943605
411,412,Veritiv,"8,000",-65,"$7,659 ",-11.90%,($29.50),-,"$2,511 ",$127 ,Wholesalers,Wholesalers: Diversified,Atlanta,GA,33.7489954,-84.3879824
412,413,DCP Midstream,"2,250",-93,"$7,625 ",-22.40%,$17.00 ,-94.30%,"$14,127 ",$848 ,Energy,Pipelines,Denver,CO,39.739235799999996,-104.990251
413,414,American Tower,"5,454",-4,"$7,580 ",1.90%,"$1,887.80 ",52.70%,"$42,802 ","$96,444 ",Financials,Real estate,Boston,MA,42.360082500000004,-71.0588801
414,415,Graybar Electric,"9,000",8,"$7,524 ",4.50%,$144.50 ,0.80%,"$2,518 ",-,Wholesalers,Wholesalers: Diversified,St. Louis,MO,38.6270025,-90.1994042
415,416,WEC Energy Group,"7,509",-18,"$7,523 ",-2.00%,"$1,134.00 ",7.10%,"$34,952 ","$27,799 ",Energy,Utilities: Gas and Electric,Milwaukee,WI,43.0389025,-87.9064736
416,417,NVR,"5,700",7,"$7,428 ",3.30%,$878.50 ,10.20%,"$3,810 ","$9,475 ",Engineering &  Construction,Homebuilders,Reston,VA,38.9586307,-77.35700279999999
417,418,Ulta Beauty,"31,000",31,"$7,398 ",10.10%,$705.90 ,7.20%,"$4,864 ","$9,894 ",Retailing,Specialty Retailers: Other,Bolingbrook,IL,41.6986416,-88.0683955
418,419,Devon Energy,"1,800",-122,"$7,372 ",-31.30%,($355.00),-111.60%,"$13,717 ","$2,646 ",Energy,"Mining, Crude-Oil Production",Oklahoma City,OK,35.4675602,-97.5164276
419,420,Blackstone Group,"2,905",22,"$7,338 ",7.40%,"$2,049.70 ",32.90%,"$32,586 ","$30,696 ",Financials,Diversified Financials,New York,NY,40.7127753,-74.0059728
420,421,Dean Foods,"14,500",-28,"$7,329 ",-5.50%,($499.90),-,"$2,229 ",$10 ,"Food, Beverages &  Tobacco",Food Consumer Products,Dallas,TX,32.7766642,-96.7969879
421,422,Fortive,"25,000",-,"$7,326 ",1.70%,$738.90 ,-74.60%,"$17,439 ","$18,567 ",Industrials,Industrial Machinery,Everett,WA,47.9789848,-122.2020795
422,423,UGI,"12,800",-23,"$7,320 ",-4.30%,$256.20 ,-64.40%,"$13,347 ","$5,562 ",Energy,Energy,King of Prussia,PA,40.101285600000004,-75.38355250000001
423,424,Burlington Stores,"47,000",27,"$7,286 ",9.30%,$465.10 ,12.10%,"$5,594 ","$10,441 ",Retailing,Specialty Retailers: Apparel,Burlington,NJ,40.071222,-74.8648873
424,425,Builders FirstSource,"15,800",-31,"$7,280 ",-5.80%,$221.80 ,8.10%,"$3,250 ","$1,420 ",Materials,"Building Materials, Glass",Dallas,TX,32.7766642,-96.7969879
425,426,Toll Brothers,"5,100",2,"$7,224 ",1.10%,$590.00 ,-21.10%,"$10,828 ","$2,440 ",Engineering &  Construction,Homebuilders,Horsham,PA,40.1784422,-75.1285061
426,427,Old Republic International,"9,000",54,"$7,214 ",19.80%,"$1,056.40 ",185.10%,"$21,076 ","$4,635 ",Financials,Insurance: Property and Casualty (Stock),Chicago,IL,41.8781136,-87.62979820000001
427,428,Asbury Automotive Group,"8,500",11,"$7,210 ",4.90%,$184.40 ,9.80%,"$2,911 ","$1,065 ",Retailing,"Automotive Retailing, Services",Duluth,GA,34.0028786,-84.1446376
428,429,Arthur J. Gallagher,"33,247",6,"$7,195 ",3.80%,$668.80 ,5.60%,"$19,635 ","$15,455 ",Financials,Diversified Financials,Rolling Meadows,IL,42.0841936,-88.0131275
429,430,MasTec,"21,000",6,"$7,183 ",4.00%,$392.30 ,51.10%,"$4,997 ","$2,507 ",Engineering &  Construction,"Engineering, Construction",Coral Gables,FL,25.72149,-80.2683838
430,431,Owens Corning,"19,000",-,"$7,160 ",1.50%,$405.00 ,-25.70%,"$10,006 ","$4,201 ",Materials,"Building Materials, Glass",Toledo,OH,41.6528052,-83.53786740000001
431,432,Magellan Health,"10,100",-15,"$7,159 ",-2.10%,$55.90 ,131.20%,"$3,092 ","$1,188 ",Health Care,Health Care: Insurance and Managed Care,Scottsdale,AZ,33.494170399999994,-111.9260519
432,433,Dover,"24,000",-21,"$7,136 ",-3.50%,$677.90 ,18.90%,"$8,670 ","$12,094 ",Industrials,Industrial Machinery,Downers Grove,IL,41.8089191,-88.01117459999999
433,434,Beacon Roofing Supply,"8,147",30,"$7,105 ",10.70%,($10.60),-110.80%,"$6,393 ","$1,138 ",Wholesalers,Wholesalers: Diversified,Herndon,VA,38.9695545,-77.38609759999999
434,435,Avery Dennison,"30,000",-10,"$7,070 ",-1.20%,$303.60 ,-35.00%,"$5,489 ","$8,485 ",Materials,"Packaging, Containers",Glendale,CA,34.1425078,-118.255075
435,436,Hanesbrands,"63,000",8,"$6,967 ",2.40%,$600.70 ,11.30%,"$7,354 ","$2,817 ",Apparel,Apparel,Winston-Salem,NC,36.0998596,-80.24421600000001
436,437,Packaging Corp. of America,"15,500",-5,"$6,964 ",-0.70%,$696.40 ,-5.60%,"$7,236 ","$8,236 ",Materials,"Packaging, Containers",Lake Forest,IL,42.2586342,-87.840625
437,438,M&T Bank,"17,386",24,"$6,941 ",7.50%,"$1,929.10 ",0.60%,"$119,873 ","$13,441 ",,,,,,
438,439,NCR,"36,000",26,"$6,915 ",8.00%,$564.00 ,-,"$8,987 ","$2,287 ",Technology,"Computers, Office Equipment",Atlanta,GA,33.7489954,-84.3879824
439,440,Northern Trust,"19,800",13,"$6,895 ",3.50%,"$1,492.20 ",-4.10%,"$136,828 ","$15,791 ",Financials,Commercial Banks,Chicago,IL,41.8781136,-87.62979820000001
440,441,Cintas,"45,000",18,"$6,892 ",6.20%,$885.00 ,5.00%,"$7,437 ","$18,024 ",Business Services,Diversified Outsourcing Services,Cincinnati,OH,39.103118200000004,-84.5120196
441,442,Polaris,"14,000",34,"$6,863 ",11.30%,$324.00 ,-3.40%,"$4,431 ","$2,959 ",,,,,,
442,443,CMS Energy,"8,459",-3,"$6,845 ",-0.40%,$680.00 ,3.50%,"$26,837 ","$16,697 ",Energy,Utilities: Gas and Electric,Jackson,MI,42.245869,-84.4013462
443,444,Seaboard,"13,100",11,"$6,840 ",3.90%,$283.00 ,-,"$6,285 ","$3,274 ","Food, Beverages &  Tobacco",Food Production,Merriam,KS,39.023616499999996,-94.69357009999999
444,445,Intuit,"9,400",37,"$6,784 ",13.70%,"$1,557.00 ",28.60%,"$6,283 ","$59,913 ",Technology,Computer Software,Mountain View,CA,37.3860517,-122.08385109999999
445,446,Regions Financial,"19,564",1,"$6,755 ",-0.10%,"$1,582.00 ",-10.10%,"$126,240 ","$8,588 ",Financials,Commercial Banks,Birmingham,AL,33.5206608,-86.80249
446,447,FM Global,"5,591",-,"$6,743 ",24.20%,"$2,479.30 ",1436.10%,"$25,054 ",-,Financials,Insurance: Property and Casualty (Stock),Johnston,RI,41.820519899999994,-71.512617
447,448,Advanced Micro Devices,"11,400",12,"$6,731 ",4.00%,$341.00 ,1.20%,"$6,028 ","$53,250 ",Technology,Semiconductors and Other Electronic Components,Santa Clara,CA,37.354107899999995,-121.9552356
448,449,Ovintiv,"2,571",-,"$6,726 ",13.30%,$234.00 ,-78.10%,"$21,487 ",$702 ,,,,,,
449,450,Booz Allen Hamilton Holding,"26,100",25,"$6,704 ",8.60%,$418.50 ,37.20%,"$3,832 ","$9,624 ",,,,,,
450,451,S&P Global,"22,500",19,"$6,699 ",7.00%,"$2,123.00 ",8.40%,"$11,348 ","$59,042 ",,,,,,
451,452,Rockwell Automation,"23,000",-,"$6,695 ",0.40%,$695.80 ,29.90%,"$6,113 ","$17,533 ",Industrials,"Electronics, Electrical Equip.",Milwaukee,WI,43.0389025,-87.9064736
452,453,O-I Glass,"27,500",-15,"$6,691 ",-2.70%,($400.00),-255.60%,"$9,610 ","$1,109 ",,,,,,
453,454,Wynn Resorts,"30,200",-6,"$6,611 ",-1.60%,$123.00 ,-78.50%,"$13,871 ","$6,471 ","Hotels, Restaurants &  Leisure","Hotels, Casinos, Resorts",Las Vegas,NV,36.169941200000004,-115.13982959999998
454,455,Securian Financial Group,"6,400",-,"$6,601 ",20.10%,$434.80 ,34.90%,"$63,138 ",-,Financials,"Insurance: Life, Health (stock)",St Paul,MN,44.953702899999996,-93.0899578
455,456,Alliance Data Systems,"8,500",-66,"$6,581 ",-15.50%,$278.00 ,-71.10%,"$26,495 ","$1,603 ",Business Services,Financial Data Services,Plano,TX,33.0198431,-96.6988856
456,457,Weyerhaeuser,"9,400",-51,"$6,554 ",-12.30%,($76.00),-110.20%,"$16,406 ","$12,637 ",Materials,Forest and Paper Products,Seattle,WA,47.6062095,-122.33207079999998
457,457,Brighthouse Financial,"1,330",-115,"$6,554 ",-26.90%,($740.00),-185.50%,"$227,259 ","$2,540 ",,,,,,
458,459,Intercontinental Exchange,"5,989",10,"$6,547 ",4.30%,"$1,933.00 ",-2.80%,"$94,493 ","$44,343 ",Financials,Securities,Atlanta,GA,33.7489954,-84.3879824
459,460,American Axle & Manufacturing,"20,000",-42,"$6,531 ",-10.20%,($484.50),-,"$6,645 ",$408 ,Motor Vehicles &  Parts,Motor Vehicles and Parts,Detroit,MI,42.331427000000005,-83.0457538
460,461,Hess,"1,775",-,"$6,510 ",0.70%,($408.00),-,"$21,782 ","$10,164 ",Energy,"Mining, Crude-Oil Production",New York,NY,40.7127753,-74.0059728
461,462,ABM Industries,"140,000",1,"$6,499 ",0.90%,$127.40 ,30.30%,"$3,693 ","$1,623 ",Business Services,Diversified Outsourcing Services,New York,NY,40.7127753,-74.0059728
462,463,Activision Blizzard,"9,200",-58,"$6,489 ",-13.50%,"$1,503.00 ",-17.10%,"$19,845 ","$45,753 ",Technology,Entertainment,Santa Monica,CA,34.01945429999999,-118.4911912
463,464,GameStop,"30,000",-118,"$6,466 ",-26.90%,($470.90),-,"$2,820 ",$226 ,Retailing,Specialty Retailers: Other,Grapevine,TX,32.9342919,-97.07806540000001
464,465,Apache,"3,163",-54,"$6,411 ",-13.60%,"($3,553.00)",-8982.50%,"$18,107 ","$1,577 ",Energy,"Mining, Crude-Oil Production",Houston,TX,29.7604267,-95.36980279999999
465,466,Science Applications International,"24,311",-,"$6,379 ",36.90%,$226.00 ,65.00%,"$4,711 ","$4,317 ",Technology,Information Technology Services,Reston,VA,38.9586307,-77.35700279999999
466,467,AK Steel Holding,"9,300",-24,"$6,359 ",-6.70%,$11.20 ,-94.00%,"$4,591 ",-,Materials,Metals,Beckett Ridge,OH,39.332126200000005,-84.41726659999999
467,468,Dillard's,"30,400",-10,"$6,343 ",-2.50%,$111.10 ,-34.80%,"$3,430 ",$864 ,,,,,,
468,469,Ralph Lauren,"18,650",4,"$6,313 ",2.10%,$430.90 ,164.70%,"$5,943 ","$4,928 ",Apparel,Apparel,New York,NY,40.7127753,-74.0059728
469,470,Celanese,"7,714",-44,"$6,297 ",-12.00%,$852.00 ,-29.40%,"$9,476 ","$8,775 ",Chemicals,Chemicals,Irving,TX,32.814017699999994,-96.9488945
470,471,R.R. Donnelley & Sons,"36,400",-26,"$6,276 ",-7.70%,($93.20),-,"$3,330 ",$68 ,Media,"Publishing, Printing",Chicago,IL,41.8781136,-87.62979820000001
471,472,Zoetis,"10,600",15,"$6,260 ",7.50%,"$1,500.00 ",5.00%,"$11,545 ","$55,895 ",Health Care,Pharmaceuticals,Parsippany-Troy Hills,NJ,40.865286499999996,-74.41738769999999
472,473,Ascena Retail Group,"33,000",-16,"$6,243 ",-5.10%,($661.40),-,"$2,700 ",$14 ,Retailing,Specialty Retailers: Apparel,Mahwah,NJ,41.0886216,-74.1435843
473,474,Clorox,"8,800",3,"$6,214 ",1.50%,$820.00 ,-0.40%,"$5,116 ","$21,674 ",Household Products,Household and Personal Products,Oakland,CA,37.8043637,-122.27111370000002
474,475,Ingredion,"11,000",11,"$6,209 ",6.30%,$413.00 ,-6.80%,"$6,040 ","$5,050 ","Food, Beverages &  Tobacco",Food Production,Westchester,IL,41.8498339,-87.8806738
475,476,First American Financial,"18,412",15,"$6,202 ",7.90%,$707.40 ,49.10%,"$11,519 ","$4,791 ",Financials,Insurance: Property and Casualty (Stock),Santa Ana,CA,33.7454725,-117.867653
476,477,Graphic Packaging Holding,"18,000",3,"$6,160 ",2.30%,$206.80 ,-6.50%,"$7,290 ","$3,542 ",Materials,"Packaging, Containers",Atlanta,GA,33.7489954,-84.3879824
477,478,NetApp,"10,500",5,"$6,146 ",4.00%,"$1,169.00 ",1438.20%,"$8,741 ","$9,221 ",Technology,"Computers, Office Equipment",Sunnyvale,CA,37.368829999999996,-122.03634960000001
478,478,HD Supply Holdings,"11,500",1,"$6,146 ",1.60%,$452.00 ,14.70%,"$4,715 ","$4,605 ",Wholesalers,Wholesalers: Diversified,Atlanta,GA,33.7489954,-84.3879824
479,480,TravelCenters of America,"18,594",-47,"$6,117 ",-12.30%,$33.30 ,-,"$3,231 ",$81 ,Retailing,Specialty Retailers: Other,Westlake,OH,41.4553232,-81.9179173
480,481,Olin,"6,500",-47,"$6,110 ",-12.00%,($11.30),-103.40%,"$9,188 ","$1,842 ",Chemicals,Chemicals,Clayton,MO,38.6425518,-90.32372629999999
481,482,Robert Half International,"16,000",8,"$6,074 ",4.70%,$454.40 ,4.60%,"$2,311 ","$4,346 ",Business Services,Temporary Help,Menlo Park,CA,37.4529598,-122.1817252
482,483,EnLink Midstream,"1,355",-87,"$6,053 ",-21.40%,"($1,119.30)",-,"$9,336 ",$537 ,,,,,,
483,484,Avantor,"12,000",-,"$6,040 ",3.00%,$37.80 ,-,"$9,773 ","$7,156 ",,,,,,
484,485,Tapestry,"17,400",-1,"$6,027 ",2.50%,$643.40 ,61.90%,"$6,877 ","$3,575 ",Apparel,Apparel,New York City,NY,40.7127753,-74.0059728
485,486,TD Ameritrade Holding,"9,226",-,"$6,016 ",10.30%,"$2,208.00 ",49.90%,"$43,786 ","$18,739 ",Financials,Securities,Omaha,NE,41.2565369,-95.93450340000001
486,487,Analog Devices,"16,400",-15,"$5,991 ",-3.40%,"$1,363.00 ",-8.90%,"$21,393 ","$33,011 ",Technology,Semiconductors and Other Electronic Components,Norwood,MA,42.1943909,-71.19896949999999
487,488,Ameren,"9,323",-20,"$5,910 ",-6.10%,$828.00 ,1.60%,"$28,933 ","$17,970 ",Energy,Utilities: Gas and Electric,St. Louis,MO,38.6270025,-90.1994042
488,489,Williams-Sonoma,"19,300",6,"$5,898 ",4.00%,$356.10 ,6.70%,"$4,054 ","$3,282 ",Retailing,Specialty Retailers: Other,SF,CA,37.7749295,-122.4194155
489,490,Realogy Holdings,"10,150",-12,"$5,870 ",-3.40%,($188.00),-237.20%,"$7,543 ",$347 ,Financials,Real estate,Madison,NJ,40.7598227,-74.417097
490,491,Commercial Metals,"11,524",-,"$5,829 ",17.80%,$198.10 ,43.00%,"$3,759 ","$1,880 ",Materials,Metals,Irving,TX,32.814017699999994,-96.9488945
491,492,Rush Enterprises,"7,244",-,"$5,810 ",5.50%,$141.60 ,1.80%,"$3,407 ","$1,146 ",Retailing,"Automotive Retailing, Services",New Braunfels,TX,29.7030024,-98.1244531
492,493,Franklin Resources,"9,597",-26,"$5,775 ",-8.60%,"$1,195.70 ",56.40%,"$14,532 ","$8,293 ",Financials,Securities,San Mateo,CA,37.562991700000005,-122.32552539999999
493,494,Fortune Brands Home & Security,"24,700",-,"$5,765 ",5.10%,$431.90 ,10.90%,"$6,291 ","$6,042 ",Household Products,"Home Equipment, Furnishings",Deerfield,IL,42.171136499999996,-87.8445119
494,495,Levi Strauss,"15,800",5,"$5,763 ",3.40%,$394.60 ,39.40%,"$4,232 ","$4,961 ",Apparel,Apparel,SF,CA,37.7749295,-122.4194155
495,496,Crown Castle International,"5,100",-,"$5,763 ",7.30%,$860.00 ,38.30%,"$38,457 ","$60,179 ",Financials,Real estate,Houston,TX,29.7604267,-95.36980279999999
496,497,Simon Property Group,"3,750",-1,"$5,755 ",1.70%,"$2,101.60 ",-13.90%,"$31,232 ","$16,835 ",Financials,Real estate,Indianapolis,IN,39.768403,-86.158068
497,498,Cerner,"27,400",-,"$5,693 ",6.10%,$529.50 ,-16.00%,"$6,895 ","$19,164 ",Health Care,Health Care: Pharmacy and Other Services,North Kansas City,MO,39.1429081,-94.5729781
498,499,Post Holdings,"10,100",-28,"$5,681 ",-9.20%,$124.70 ,-73.30%,"$11,952 ","$5,732 ","Food, Beverages &  Tobacco",Food Consumer Products,St. Louis,MO,38.6270025,-90.1994042
499,500,Huntington Bancshares,"15,664",-,"$5,655 ",7.30%,"$1,411.00 ",1.30%,"$109,002 ","$8,399 ",Financials,Commercial Banks,Columbus,OH,39.9611755,-82.9987942
